[{"id":"0ce98752-a614-51a9-bf69-9539deb6532d","external_id":"1e5203d8-ae2c-483b-b59b-0defebecf49a","name":"TopFolder","folders":[{"id":"04bf910c-bcac-5faf-ac32-a1f7169fdc0f","external_id":"7194dda7-c5b3-4e85-91a2-026ba2c07e8d","name":"2ndFolder","folders":[{"id":"e2fe0a21-eb4c-5fba-8a28-697aeab81f83","external_id":"92c20b68-8f50-4b62-b630-eca6d9b512b3","name":"3rdFolder","folders":[{"id":"ae11f9dd-ec34-5ecc-9b83-d4a3ae1d8c6b","external_id":"3b34af2a-526a-47bc-8a27-a40bb37dd3e2","name":"4thFolder","folders":[]}]}]}]}]