[{"id":"e097306b-3893-4a42-9973-2525fad14d66","codename":"office","last_modified":"2017-08-02T07:27:56.562Z","name":"Office","content_groups":[],"elements":[{"guidelines":"<h2>Keep Guidelines where the creative process happens.</h2>\n<p>These are sample guidelines that you can place for the whole content item. It’s a place where you can include your content brief, voice and tone recommendations or the URL to a wireframe, so the author will have all the relevant instructions at hand before writing a single line.</p>\n<p>Besides overview guidelines, you can include instructions for each particular content element, as you will see below.</p>","type":"guidelines","id":"dc7e08ba-3279-9cc8-629b-8e258624c4d1","codename":"guidelines"},{"maximum_text_length":null,"name":"Name","guidelines":"","is_required":false,"type":"text","id":"bb81a11d-886c-2a32-e480-29f01cea667f","codename":"name"},{"maximum_text_length":null,"name":"Street","guidelines":"","is_required":false,"type":"text","id":"f7eb7ab2-4e41-aca0-7e93-dbbbdca330eb","codename":"street"},{"maximum_text_length":null,"name":"City","guidelines":"","is_required":false,"type":"text","id":"95477abc-d6b4-a6b3-5b72-c92763da55bf","codename":"city"},{"maximum_text_length":null,"name":"Country","guidelines":"","is_required":false,"type":"text","id":"4fbc7779-652d-7716-2673-7419aaaceed1","codename":"country"},{"maximum_text_length":null,"name":"State","guidelines":"","is_required":false,"type":"text","id":"08df2f10-52b8-d451-fab1-b6da8ddb3fd2","codename":"state"},{"maximum_text_length":null,"name":"Zip code","guidelines":"","is_required":false,"type":"text","id":"e7141da8-8792-a66d-d1c8-1fe704758393","codename":"zip_code"},{"maximum_text_length":null,"name":"Phone","guidelines":"","is_required":false,"type":"text","id":"2ac708e2-cd0e-67b0-67f8-71725625dc6d","codename":"phone"},{"maximum_text_length":null,"name":"Email","guidelines":"","is_required":false,"type":"text","id":"251dc38f-43a3-d924-a328-8708ecb00ef1","codename":"email"}]},{"id":"7bc932b3-ce2a-4aa7-954e-04cbcbd214fc","codename":"brewer","last_modified":"2018-06-20T10:29:11.356Z","name":"Brewer","content_groups":[],"elements":[{"guidelines":"<h2>Keep Guidelines where the creative process happens.</h2>\n<p>These are sample guidelines that you can place for the whole content item. It’s a place where you can include your content brief, voice and tone recommendations or the URL to a wireframe, so the author will have all the relevant instructions at hand before writing a single line.</p>\n<p>Besides overview guidelines, you can include instructions for each particular content element, as you will see below.</p>","type":"guidelines","id":"f36c8ba2-fad1-60d1-147e-b00623dd71a8","codename":"f36c8ba2_fad1_60d1_147e_b00623dd71a8"},{"maximum_text_length":null,"name":"Product name","guidelines":"Include a product display name.","is_required":false,"type":"text","id":"01d6c6c7-92ff-a675-e413-861e5a9a4034","codename":"product_name"},{"name":"Price","guidelines":"Include a product price.","is_required":false,"type":"number","id":"48ebe0fc-afe7-2b93-d351-0e352332bc52","codename":"price"},{"asset_count_limit":null,"maximum_file_size":null,"allowed_file_types":"adjustable","image_width_limit":null,"image_height_limit":null,"name":"Image","guidelines":"Upload one product image; the recommended size is 300 × 300 px.","is_required":false,"type":"asset","id":"d0c1e9e7-7d5d-e61f-8564-56a8cb758cb8","codename":"image"},{"guidelines":"Add a product status if the product is included in a special offering.","taxonomy_group":{"id":"79b1c5b6-30bc-d076-a236-d9ec9f1ff01b"},"is_required":false,"type":"taxonomy","id":"960d0011-ff3b-41ac-1447-8eac6ee66eaa","codename":"product_status"},{"maximum_text_length":null,"maximum_image_size":null,"allowed_content_types":[],"image_width_limit":null,"image_height_limit":null,"allowed_image_types":"any","allowed_blocks":[],"allowed_formatting":[],"allowed_text_blocks":[],"allowed_table_blocks":["text"],"allowed_table_formatting":[],"allowed_table_text_blocks":["paragraph"],"name":"Short description","guidelines":"Include a short description that fits within 160 characters.","is_required":false,"type":"rich_text","id":"8c235a7f-034e-f803-e612-9c47c8a49506","codename":"short_description"},{"maximum_text_length":null,"maximum_image_size":null,"allowed_content_types":[],"image_width_limit":null,"image_height_limit":null,"allowed_image_types":"adjustable","allowed_blocks":[],"allowed_formatting":[],"allowed_text_blocks":[],"allowed_table_blocks":["text"],"allowed_table_formatting":[],"allowed_table_text_blocks":["paragraph"],"name":"Long description","guidelines":"Include a full product description.","is_required":false,"type":"rich_text","id":"14510bef-fd86-7d5d-992a-c1e091cbcb97","codename":"long_description"},{"depends_on":{"snippet":{"id":"baf884be-531f-441f-ae88-64205efdd0f6"},"element":{"id":"09398b24-61ed-512e-5b5c-affd54a098e5"}},"name":"URL pattern","guidelines":"Provide a SEO-friendly URL.","is_required":false,"type":"url_slug","id":"737c85be-f532-c8fe-a308-2a0f2c512f3e","codename":"url_pattern"},{"guidelines":null,"taxonomy_group":{"id":"4ce421e9-c403-eee8-fdc2-74f09392a749"},"is_required":false,"type":"taxonomy","id":"53b6bddb-fe8a-a8b2-9765-343479bf9fc2","codename":"manufacturer"},{"snippet":{"id":"baf884be-531f-441f-ae88-64205efdd0f6"},"type":"snippet","id":"86fb5937-e145-d13b-9aa2-4284a0e826ce","codename":"metadata"}]},{"id":"b99ec220-0f2b-4658-a080-ff0afe92f6d1","codename":"fact_about_us","last_modified":"2018-06-20T10:27:29.898Z","name":"Fact about us","content_groups":[],"elements":[{"guidelines":"<h2>Keep Guidelines where the creative process happens.</h2>\n<p>These are sample guidelines that you can place for the whole content item. It’s a place where you can include your content brief, voice and tone recommendations or the URL to a wireframe, so the author will have all the relevant instructions at hand before writing a single line.</p>\n<p>Besides overview guidelines, you can include instructions for each particular content element, as you will see below.</p>","type":"guidelines","id":"b1c3aca8-8503-40a8-f299-57bb4c69a43c","codename":"b1c3aca8_8503_40a8_f299_57bb4c69a43c"},{"maximum_text_length":null,"name":"Title","guidelines":"Provide a title that fits within 60 characters.","is_required":false,"type":"text","id":"2375ca8a-43d2-7282-162c-922a6fdeba3e","codename":"title"},{"maximum_text_length":null,"maximum_image_size":null,"allowed_content_types":[],"image_width_limit":null,"image_height_limit":null,"allowed_image_types":"any","allowed_blocks":[],"allowed_formatting":[],"allowed_text_blocks":[],"allowed_table_blocks":["text"],"allowed_table_formatting":[],"allowed_table_text_blocks":["paragraph"],"name":"Description","guidelines":"Include a main goal of our business. The limit is 80 characters.","is_required":false,"type":"rich_text","id":"1b658e81-88c9-73d1-374d-7a60e3756ef7","codename":"description"},{"asset_count_limit":null,"maximum_file_size":null,"allowed_file_types":"adjustable","image_width_limit":null,"image_height_limit":null,"name":"Image","guidelines":"Attach a teaser image; max. dimensions are 1280 × 600 px; allowed formats are *.jpg, *.png, *.gif.","is_required":false,"type":"asset","id":"68d194b6-efad-6b25-89a4-2dfc75fed5a5","codename":"image"}]},{"id":"d9748663-f567-4c51-a922-c24a1d6b935a","codename":"accessory","last_modified":"2018-06-20T10:29:45.333Z","name":"Accessory","content_groups":[],"elements":[{"guidelines":"<h2>Keep Guidelines where the creative process happens.</h2>\n<p>These are sample guidelines that you can place for the whole content item. It’s a place where you can include your content brief, voice and tone recommendations or the URL to a wireframe, so the author will have all the relevant instructions at hand before writing a single line.</p>\n<p>Besides overview guidelines, you can include instructions for each particular content element, as you will see below.</p>","type":"guidelines","id":"327e98b0-f269-c0e5-230a-46b7d0be0f45","codename":"n327e98b0_f269_c0e5_230a_46b7d0be0f45"},{"maximum_text_length":null,"name":"Product name","guidelines":"Include a product display name.","is_required":false,"type":"text","id":"f9e2672c-5035-412e-3985-d6112b3781bd","codename":"product_name"},{"name":"Price","guidelines":"Include a product price.","is_required":false,"type":"number","id":"51d63ac3-d40d-15ea-c219-be207714077c","codename":"price"},{"asset_count_limit":null,"maximum_file_size":null,"allowed_file_types":"adjustable","image_width_limit":null,"image_height_limit":null,"name":"Image","guidelines":"Upload one product image; the recommended size is 300 × 300 px.","is_required":false,"type":"asset","id":"f0db12e6-86e4-8597-903b-c5984076d6b3","codename":"image"},{"maximum_text_length":null,"name":"Manufacturer","guidelines":"Include a manufacturer's name.","is_required":false,"type":"text","id":"ab75ff46-b629-5ce5-aac9-79ed8a7b869c","codename":"manufacturer"},{"guidelines":"Add a product status if the product is included in a special offering.","taxonomy_group":{"id":"79b1c5b6-30bc-d076-a236-d9ec9f1ff01b"},"is_required":false,"type":"taxonomy","id":"ef13b1f4-b558-f707-35a4-86146dbe4518","codename":"product_status"},{"maximum_text_length":null,"maximum_image_size":null,"allowed_content_types":[],"image_width_limit":null,"image_height_limit":null,"allowed_image_types":"any","allowed_blocks":[],"allowed_formatting":[],"allowed_text_blocks":[],"allowed_table_blocks":["text"],"allowed_table_formatting":[],"allowed_table_text_blocks":["paragraph"],"name":"Short description","guidelines":"Include a short description that fits within 160 characters.","is_required":false,"type":"rich_text","id":"9740e2d0-87e8-52f5-ff4c-566fa00b1253","codename":"short_description"},{"maximum_text_length":null,"maximum_image_size":null,"allowed_content_types":[],"image_width_limit":null,"image_height_limit":null,"allowed_image_types":"any","allowed_blocks":[],"allowed_formatting":[],"allowed_text_blocks":[],"allowed_table_blocks":["text"],"allowed_table_formatting":[],"allowed_table_text_blocks":["paragraph"],"name":"Long description","guidelines":"Include a full product description.","is_required":false,"type":"rich_text","id":"1f961774-a589-4e21-9f8e-a8c4908ea476","codename":"long_description"},{"depends_on":{"snippet":{"id":"baf884be-531f-441f-ae88-64205efdd0f6"},"element":{"id":"09398b24-61ed-512e-5b5c-affd54a098e5"}},"name":"URL pattern","guidelines":"Provide a SEO-friendly URL.","is_required":false,"type":"url_slug","id":"69e4af48-f1ac-1146-e6c9-d20d55ca5792","codename":"url_pattern"},{"snippet":{"id":"baf884be-531f-441f-ae88-64205efdd0f6"},"type":"snippet","id":"8abb0298-218b-de99-ccfe-d49630fad6fd","codename":"metadata"}]},{"id":"929985ac-4aa5-436b-85a2-94c2d4fbbebd","codename":"coffee","last_modified":"2018-06-20T10:27:49.455Z","name":"Coffee","content_groups":[],"elements":[{"guidelines":"<h2>Keep Guidelines where the creative process happens.</h2>\n<p>These are sample guidelines that you can place for the whole content item. It’s a place where you can include your content brief, voice and tone recommendations or the URL to a wireframe, so the author will have all the relevant instructions at hand before writing a single line.</p>\n<p>Besides overview guidelines, you can include instructions for each particular content element, as you will see below.</p>","type":"guidelines","id":"8ad0be53-f2c7-db7d-edd8-9927860d4134","codename":"n8ad0be53_f2c7_db7d_edd8_9927860d4134"},{"maximum_text_length":null,"name":"Product name","guidelines":"Include a product display name.","is_required":false,"type":"text","id":"edaec5c4-e653-9109-eb0d-fc40ccf3c810","codename":"product_name"},{"name":"Price","guidelines":"Include a product price.","is_required":false,"type":"number","id":"624592dc-49b2-330a-7185-e1f2396ce90c","codename":"price"},{"asset_count_limit":null,"maximum_file_size":null,"allowed_file_types":"adjustable","image_width_limit":null,"image_height_limit":null,"name":"Image","guidelines":"Upload a product image; the recommended size is 300 × 300 px.","is_required":false,"type":"asset","id":"30ac3ccc-1e7f-1490-e1f6-915c64176a55","codename":"image"},{"maximum_text_length":null,"maximum_image_size":null,"allowed_content_types":[],"image_width_limit":null,"image_height_limit":null,"allowed_image_types":"any","allowed_blocks":[],"allowed_formatting":[],"allowed_text_blocks":[],"allowed_table_blocks":["text"],"allowed_table_formatting":[],"allowed_table_text_blocks":["paragraph"],"name":"Short description","guidelines":"Include a short description that fits within 160 characters.","is_required":false,"type":"rich_text","id":"b5a3263a-a1d7-92b7-865a-329f833285fa","codename":"short_description"},{"maximum_text_length":null,"maximum_image_size":null,"allowed_content_types":[],"image_width_limit":null,"image_height_limit":null,"allowed_image_types":"any","allowed_blocks":[],"allowed_formatting":[],"allowed_text_blocks":[],"allowed_table_blocks":["text"],"allowed_table_formatting":[],"allowed_table_text_blocks":["paragraph"],"name":"Long description","guidelines":"Include a full product description.","is_required":false,"type":"rich_text","id":"d468a0aa-e0fa-0cae-41db-6e006bff2527","codename":"long_description"},{"guidelines":"Add a product status if the product is included in a special offering.","taxonomy_group":{"id":"79b1c5b6-30bc-d076-a236-d9ec9f1ff01b"},"is_required":false,"type":"taxonomy","id":"1ee64175-fde7-fc1e-5259-511a31c326c3","codename":"product_status"},{"maximum_text_length":null,"name":"Farm","guidelines":"Include the name of the coffee farm.","is_required":false,"type":"text","id":"e5cf103f-9b84-1ab0-29f1-fb5a1657c6f7","codename":"farm"},{"maximum_text_length":null,"name":"Country","guidelines":"Include  the coffee's country of origin. ","is_required":false,"type":"text","id":"6eec1918-378d-3b15-8b1a-19c5f0748321","codename":"country"},{"maximum_text_length":null,"name":"Variety","guidelines":"Include a coffee variety name.","is_required":false,"type":"text","id":"301c6712-962f-b05a-6f6e-2f0e1e959039","codename":"variety"},{"maximum_text_length":null,"name":"Altitude","guidelines":"Include the altitude at which the coffee is grown. Elevation affects the size, shape, and taste of coffee beans. ","is_required":false,"type":"text","id":"23a772c0-0b2b-588d-9849-e29068701f03","codename":"altitude"},{"depends_on":{"snippet":{"id":"baf884be-531f-441f-ae88-64205efdd0f6"},"element":{"id":"09398b24-61ed-512e-5b5c-affd54a098e5"}},"name":"URL pattern","guidelines":"Provide a SEO-friendly URL.","is_required":false,"type":"url_slug","id":"3af8ce38-c03d-063c-ea80-72684dfddf31","codename":"url_pattern"},{"guidelines":null,"taxonomy_group":{"id":"d351400e-0290-87b2-1413-6c411d8ae5a4"},"is_required":false,"type":"taxonomy","id":"b63e3516-d5fa-fdac-a03a-2b027bf02a28","codename":"processing"},{"snippet":{"id":"baf884be-531f-441f-ae88-64205efdd0f6"},"type":"snippet","id":"4c6eb306-a9a0-0825-e345-a70b6cc0e696","codename":"metadata"}]},{"id":"fe41ae5a-5fe2-420a-8560-f7d6d3533dc2","codename":"cafe","last_modified":"2018-06-20T10:28:17.908Z","name":"Cafe","content_groups":[],"elements":[{"guidelines":"<h2>Keep Guidelines where the creative process happens.</h2>\n<p>These are sample guidelines that you can place for the whole content item. It’s a place where you can include your content brief, voice and tone recommendations or the URL to a wireframe, so the author will have all the relevant instructions at hand before writing a single line.</p>\n<p>Besides overview guidelines, you can include instructions for each particular content element, as you will see below.</p>","type":"guidelines","id":"2f836bce-e062-b2cd-5265-f5c3be3aa6f5","codename":"n2f836bce_e062_b2cd_5265_f5c3be3aa6f5"},{"maximum_text_length":null,"name":"Street","guidelines":null,"is_required":false,"type":"text","id":"866afdba-d334-f01a-1d52-a9ca3f57cb4b","codename":"street"},{"maximum_text_length":null,"name":"City","guidelines":null,"is_required":false,"type":"text","id":"339e6d4f-67c1-5f5e-6921-3b374eb96f5b","codename":"city"},{"maximum_text_length":null,"name":"Country","guidelines":null,"is_required":false,"type":"text","id":"7531a08f-e148-8cc0-9d2d-155215502e08","codename":"country"},{"maximum_text_length":null,"name":"State","guidelines":null,"is_required":false,"type":"text","id":"a015b689-cad3-1ac9-04b4-73697525752d","codename":"state"},{"maximum_text_length":null,"name":"ZIP Code","guidelines":null,"is_required":false,"type":"text","id":"bb158ac2-41e1-5a7d-0826-bb8bf6744f0e","codename":"zip_code"},{"maximum_text_length":null,"name":"Phone","guidelines":null,"is_required":false,"type":"text","id":"1c71bc62-4b62-f307-37ef-0823776f8f73","codename":"phone"},{"maximum_text_length":null,"name":"Email","guidelines":null,"is_required":false,"type":"text","id":"6f726c77-36bd-8062-51df-056136e10d35","codename":"email"},{"asset_count_limit":null,"maximum_file_size":null,"allowed_file_types":"adjustable","image_width_limit":null,"image_height_limit":null,"name":"Photo","guidelines":null,"is_required":false,"type":"asset","id":"5769c0f4-66a8-4c73-3c19-c023bdfa123a","codename":"photo"}]},{"id":"a29399c3-5281-47ab-9916-acd4a6f887b7","codename":"home","last_modified":"2018-02-27T18:57:30.238Z","name":"Home","content_groups":[],"elements":[{"guidelines":"<h2>Keep Guidelines where the creative process happens.</h2>\n<p>These are sample guidelines that you can place for the whole content item. It’s a place where you can include your content brief, voice and tone recommendations, or the URL to a wireframe, so the author will have all the relevant instructions at hand before writing a single line.</p>\n<p>Besides overview guidelines, you can include instructions for each particular content element, as you will see below.</p>\n<h2>Home page is modular</h2>\n<p>The home page is built of multiple content items based on smaller content types to embrace a modular approach. This lets you compose pages of independent modules.</p>\n<p>For example, a <em>Hero unit</em>, &nbsp;<em>Articles</em>, or <em>Fact about us</em> are smaller content chunks that you can create independently and then assign to a homepage to have it all together.</p>","type":"guidelines","id":"9367da14-3d08-4ed1-4841-24bf8055f916","codename":"n9367da14_3d08_4ed1_4841_24bf8055f916"},{"item_count_limit":null,"allowed_content_types":[],"name":"Hero unit","guidelines":"Assign 1 Hero unit that has been prepared for a home page. ","is_required":false,"type":"modular_content","id":"2b15a8f3-2e5f-7d01-4d8e-5b22e222aa76","codename":"hero_unit"},{"item_count_limit":null,"allowed_content_types":[],"name":"Articles","guidelines":"Assign all articles which should be displayed on the home page.","is_required":false,"type":"modular_content","id":"222f3a69-a54f-3e92-83ac-05f8a08e667f","codename":"articles"},{"item_count_limit":null,"allowed_content_types":[],"name":"Our story","guidelines":"Assign 1 Fact about us which will be displayed on the home page.","is_required":false,"type":"modular_content","id":"617bccc0-4844-4beb-4ede-6247e954633a","codename":"our_story"},{"item_count_limit":null,"allowed_content_types":[],"name":"Cafes","guidelines":"Assign 4 Cafes which will be displayed on the home page.","is_required":false,"type":"modular_content","id":"6356c948-0fd6-00d0-8fc1-e2484180ae7c","codename":"cafes"},{"maximum_text_length":null,"maximum_image_size":null,"allowed_content_types":[],"image_width_limit":null,"image_height_limit":null,"allowed_image_types":"any","allowed_blocks":[],"allowed_formatting":[],"allowed_text_blocks":[],"allowed_table_blocks":["text"],"allowed_table_formatting":[],"allowed_table_text_blocks":["paragraph"],"name":"Contact","guidelines":"Add Contact us information to be displayed on the home page.","is_required":false,"type":"rich_text","id":"ee854076-236b-5312-0ed5-8c3cd55ca9e0","codename":"contact"},{"depends_on":{"snippet":{"id":"baf884be-531f-441f-ae88-64205efdd0f6"},"element":{"id":"09398b24-61ed-512e-5b5c-affd54a098e5"}},"name":"URL pattern","guidelines":"Provide a SEO-friendly URL.","is_required":false,"type":"url_slug","id":"dd70db4b-ee97-5ab4-b752-4f9d70389426","codename":"url_pattern"},{"snippet":{"id":"baf884be-531f-441f-ae88-64205efdd0f6"},"type":"snippet","id":"255d6748-ba3a-1b59-af5c-afd4a7d6cb4f","codename":"metadata"}]},{"id":"269202ad-1d9d-47fd-b3e8-bdb05b3e3cf0","codename":"hosted_video","last_modified":"2017-06-27T12:55:39.054Z","name":"Hosted video","content_groups":[],"elements":[{"maximum_text_length":null,"name":"Video ID","guidelines":"","is_required":true,"type":"text","id":"116a2441-6441-7124-c85b-46a4fef5dcb9","codename":"video_id"},{"mode":"single","options":[{"id":"523e6231-8d80-a158-3601-dffde4e64a78","codename":"youtube","name":"YouTube"},{"id":"d66ffa49-86ff-eeaa-c33b-e5d9eefe8b81","codename":"vimeo","name":"Vimeo"}],"name":"Video host","guidelines":"","is_required":true,"type":"multiple_choice","id":"87924912-4861-aa84-176a-1eae7b22529b","codename":"video_host"}]},{"id":"b7aa4a53-d9b1-48cf-b7a6-ed0b182c4b89","codename":"article","last_modified":"2021-02-18T09:34:23.4438618Z","name":"Article","content_groups":[],"elements":[{"guidelines":"<h2>Keep Guidelines where the creative process happens.</h2>\n<p>These are sample guidelines that you can place for the whole content item. It’s a place where you can include your content brief, voice and tone recommendations or the URL to a wireframe, so the author will have all the relevant instructions at hand before writing a single line.</p>\n<p>Besides overview guidelines, you can include instructions for each particular content element, as you will see below.</p>\n<h2>Guidelines sample</h2>\n<p>All articles will be displayed in the same section of the web site. Stick to an informal tone of voice when writing articles.</p>\n<p>Use the following keywords: grinders, dripper, coffee.</p>","type":"guidelines","id":"2a3a744e-0529-dd13-793c-9e668133d48b","codename":"n2a3a744e_0529_dd13_793c_9e668133d48b"},{"maximum_text_length":null,"name":"Title","guidelines":"The title should fit within 60 characters.\nOur voice and tone recommendations:\n — avoid coffee jargon.","is_required":false,"type":"text","id":"85d5efc6-f47e-2fde-a6f5-0950fe89ecd1","codename":"title"},{"asset_count_limit":null,"maximum_file_size":null,"allowed_file_types":"adjustable","image_width_limit":null,"image_height_limit":null,"name":"Teaser image","guidelines":"Upload an image at a resolution of at least 600 × 1200 px.","is_required":false,"type":"asset","id":"62eb9881-e222-6b81-91d2-fdf052726414","codename":"teaser_image"},{"name":"Post date","guidelines":"Provide a date that will appear on the live site as the date this article was posted live. This date will also influence the order of the articles. ","is_required":false,"type":"date_time","id":"4ae5f7a9-fe1f-1e8c-bfec-d321455139c4","codename":"post_date"},{"maximum_text_length":null,"name":"Summary","guidelines":"Provide a short summary of the text. It should be catchy and make the visitor want to read the whole article.\nThe summary should fit within 160 characters.","is_required":false,"type":"text","id":"90550cbe-7bff-40a9-2947-9c81489fe562","codename":"summary"},{"maximum_text_length":null,"maximum_image_size":null,"allowed_content_types":[],"image_width_limit":null,"image_height_limit":null,"allowed_image_types":"any","allowed_blocks":[],"allowed_formatting":[],"allowed_text_blocks":[],"allowed_table_blocks":["text"],"allowed_table_formatting":[],"allowed_table_text_blocks":["paragraph"],"name":"Body Copy","guidelines":"Keep the article structured with concise paragraphs complemented with headlines that will help the reader navigate through the article's content.\nPreferred glossary terms — coffee, brewing, grinder, drip, roast, filter.","is_required":false,"type":"rich_text","id":"108ed7c0-fc8c-c0ec-d0b5-5a8071408b54","codename":"body_copy"},{"item_count_limit":null,"allowed_content_types":[],"name":"Related articles","guidelines":"Provide articles with related topics. ","is_required":true,"type":"modular_content","id":"ee7c3687-b469-6c56-3ac6-c8dfdc8b58b5","codename":"related_articles"},{"maximum_text_length":null,"name":"Meta keywords","guidelines":"Enter tags separated with a comma. Example: coffee, \"coffee roast”, grinder","is_required":false,"type":"text","id":"5efb2425-5987-a4a6-a2d3-b14712b56e73","codename":"meta_keywords"},{"guidelines":"Provide all personas for which this article is relevant.","taxonomy_group":{"id":"f30c7f72-e9ab-8832-2a57-62944a038809"},"is_required":false,"type":"taxonomy","id":"0a16b642-ac3e-584d-a45a-ba354a30b2bd","codename":"personas"},{"maximum_text_length":null,"name":"Meta description","guidelines":"Sum up the blog for SEO purposes. Limit for the meta description is 160 characters.","is_required":false,"type":"text","id":"b9dc537c-2518-e4f5-8325-ce4fce26171e","codename":"meta_description"},{"depends_on":{"snippet":{"id":"baf884be-531f-441f-ae88-64205efdd0f6"},"element":{"id":"09398b24-61ed-512e-5b5c-affd54a098e5"}},"name":"URL pattern","guidelines":"Provide a SEO-friendly URL.","is_required":false,"type":"url_slug","id":"f2ff5e3f-a9ca-4604-58b0-34a2ad6a7cf1","codename":"url_pattern"},{"snippet":{"id":"baf884be-531f-441f-ae88-64205efdd0f6"},"type":"snippet","id":"08c3994a-02f2-1278-7bed-e8fd9d26f3a4","codename":"metadata"}]},{"id":"da4f1cb1-8a55-43e5-9fcc-67ad331c8888","codename":"grinder","last_modified":"2018-06-20T10:27:00.17Z","name":"Grinder","content_groups":[],"elements":[{"guidelines":"<h2>Keep Guidelines where the creative process happens.</h2>\n<p>These are sample guidelines that you can place for the whole content entry. It’s a place where you can include your content brief, voice and tone recommendations or the URL to a wireframe, so the author will have all the relevant instructions at hand before writing a single line.</p>\n<p>Besides overview guidelines, you can include instructions for each particular content element, as you will see below.</p>","type":"guidelines","id":"14cba67c-fc38-63f9-93c7-c29c03c20292","codename":"n14cba67c_fc38_63f9_93c7_c29c03c20292"},{"maximum_text_length":null,"name":"Product name","guidelines":"Include a product display name.","is_required":false,"type":"text","id":"b7b9604e-c74e-79ea-2a0f-d74d6347e35a","codename":"product_name"},{"name":"Price","guidelines":"Include a product price.","is_required":false,"type":"number","id":"1e14595d-7fe8-7765-6df6-fad6a6e4851f","codename":"price"},{"asset_count_limit":null,"maximum_file_size":null,"allowed_file_types":"adjustable","image_width_limit":null,"image_height_limit":null,"name":"Image","guidelines":"Upload one product image; the recommended size is 300 × 300 px.","is_required":false,"type":"asset","id":"7fe226b9-d21f-80ff-e680-6e6f44ce044b","codename":"image"},{"maximum_text_length":null,"name":"Manufacturer","guidelines":"Include a manufacturer's name.","is_required":false,"type":"text","id":"2c389736-7dfa-b03e-8996-7eba451cfdb5","codename":"manufacturer"},{"guidelines":"Add a product status if the product is included in a special offering.","taxonomy_group":{"id":"79b1c5b6-30bc-d076-a236-d9ec9f1ff01b"},"is_required":false,"type":"taxonomy","id":"54120e88-82cc-2202-e72d-9cae0ced3f51","codename":"product_status"},{"maximum_text_length":null,"maximum_image_size":null,"allowed_content_types":[],"image_width_limit":null,"image_height_limit":null,"allowed_image_types":"any","allowed_blocks":[],"allowed_formatting":[],"allowed_text_blocks":[],"allowed_table_blocks":["text"],"allowed_table_formatting":[],"allowed_table_text_blocks":["paragraph"],"name":"Short description","guidelines":"Include a short description that fits within 160 characters.","is_required":false,"type":"rich_text","id":"23ee310f-9732-9193-ad5e-80f75bfc276d","codename":"short_description"},{"maximum_text_length":null,"maximum_image_size":null,"allowed_content_types":[],"image_width_limit":null,"image_height_limit":null,"allowed_image_types":"any","allowed_blocks":[],"allowed_formatting":[],"allowed_text_blocks":[],"allowed_table_blocks":["text"],"allowed_table_formatting":[],"allowed_table_text_blocks":["paragraph"],"name":"Long description","guidelines":"Include a full product description.","is_required":false,"type":"rich_text","id":"21e77286-e87b-d6e3-902d-13b5814b5e75","codename":"long_description"},{"depends_on":{"snippet":{"id":"baf884be-531f-441f-ae88-64205efdd0f6"},"element":{"id":"09398b24-61ed-512e-5b5c-affd54a098e5"}},"name":"URL pattern","guidelines":"Provide a SEO-friendly URL.","is_required":false,"type":"url_slug","id":"bf6ad588-11e5-ba0d-2c18-ccd50064a32a","codename":"url_pattern"},{"snippet":{"id":"baf884be-531f-441f-ae88-64205efdd0f6"},"type":"snippet","id":"75c6b7ad-eabf-e936-2843-bd31f0cfff1d","codename":"metadata"}]},{"id":"f808c142-4b62-43b0-8f4d-1cbf412580ab","codename":"tweet","last_modified":"2017-06-27T12:59:35.564Z","name":"Tweet","content_groups":[],"elements":[{"maximum_text_length":null,"name":"Tweet link","guidelines":"","is_required":true,"type":"text","id":"20bf9ba1-28fe-203c-5920-6f9610498fb9","codename":"tweet_link"},{"mode":"single","options":[{"id":"44c30a4b-9d08-aa93-e520-58eaa8c62acb","codename":"dark","name":"Dark"},{"id":"fe596c82-45fb-7022-a4ae-3147bf14acba","codename":"light","name":"Light"}],"name":"Theme","guidelines":"","is_required":false,"type":"multiple_choice","id":"779b27fd-5a4d-5e5f-66dc-b30931fcba92","codename":"theme"},{"mode":"multiple","options":[{"id":"6fe63b4b-6df6-407f-38dc-4144b9ca29dc","codename":"hide_thread","name":"Hide thread"},{"id":"144052a3-0c08-b860-2350-ea50fc76ccbe","codename":"hide_media","name":"Hide media"}],"name":"Display options","guidelines":"","is_required":false,"type":"multiple_choice","id":"8c6db6cf-1003-951e-5407-b2a19c15b4cd","codename":"display_options"}]},{"id":"f4deeb7e-fe9b-49a2-a5f6-a51a9be6ac73","codename":"hero_unit","last_modified":"2018-06-20T10:26:37.811Z","name":"Hero Unit","content_groups":[],"elements":[{"guidelines":"<h2>Keep Guidelines where the creative process happens.</h2>\n<p>These are sample guidelines that you can place for the whole content item. It’s a place where you can include your content brief, voice and tone recommendations or the URL to a wireframe, so the author will have all the relevant instructions at hand before writing a single line.</p>\n<p>Besides overview guidelines, you can include instructions for each particular content element, as you will see below.</p>","type":"guidelines","id":"333df39a-c14c-1865-0f59-69098e3a7084","codename":"n333df39a_c14c_1865_0f59_69098e3a7084"},{"maximum_text_length":null,"name":"Title","guidelines":"Provide a title that fits within 60 characters.","is_required":false,"type":"text","id":"16ea3e64-4103-da81-eabd-af7efc2ab8a6","codename":"title"},{"asset_count_limit":null,"maximum_file_size":null,"allowed_file_types":"adjustable","image_width_limit":null,"image_height_limit":null,"name":"Image","guidelines":"Attach a teaser image; max. dimensions are 1280 × 600 px; allowed formats are *.jpg, *.png, *.gif.","is_required":false,"type":"asset","id":"4aeed98e-58d1-ab13-232c-542bf268fe48","codename":"image"},{"maximum_text_length":null,"maximum_image_size":null,"allowed_content_types":[],"image_width_limit":null,"image_height_limit":null,"allowed_image_types":"any","allowed_blocks":[],"allowed_formatting":[],"allowed_text_blocks":[],"allowed_table_blocks":["text"],"allowed_table_formatting":[],"allowed_table_text_blocks":["paragraph"],"name":"Marketing message","guidelines":"Include a main goal of our business. The limit is 80 characters.","is_required":false,"type":"rich_text","id":"ecf4e55f-1ae0-f539-3516-5714a0f032e9","codename":"marketing_message"}]},{"id":"b2c14f2c-6467-460b-a70b-bca17972a33a","codename":"about_us","last_modified":"2018-02-27T18:50:42.301Z","name":"About us","content_groups":[],"elements":[{"guidelines":"<h2>Keep Guidelines where the creative process happens.</h2>\n<p>These are sample guidelines that you can place for the whole content item. It’s a place where you can include your content brief, voice and tone recommendations or the URL to a wireframe, so the author will have all the relevant instructions at hand before writing a single line.</p>\n<p>Besides overview guidelines, you can include instructions for each particular content element, as you will see below.</p>","type":"guidelines","id":"1a0d5bc9-a269-e705-494d-f9657cf113a5","codename":"n1a0d5bc9_a269_e705_494d_f9657cf113a5"},{"item_count_limit":null,"allowed_content_types":[],"name":"Facts","guidelines":"Assign all facts about our company which will be displayed on the about us page.","is_required":false,"type":"modular_content","id":"cff560dc-ed24-7036-cbb6-b7a1b61b196a","codename":"facts"},{"depends_on":{"snippet":{"id":"baf884be-531f-441f-ae88-64205efdd0f6"},"element":{"id":"09398b24-61ed-512e-5b5c-affd54a098e5"}},"name":"URL pattern","guidelines":"Provide a SEO-friendly URL.","is_required":false,"type":"url_slug","id":"50cb9acf-45f5-a186-5c00-9a9e4a37d84a","codename":"url_pattern"},{"snippet":{"id":"baf884be-531f-441f-ae88-64205efdd0f6"},"type":"snippet","id":"a8131aca-9210-a0e4-6239-3af2231f7ca9","codename":"metadata"}]}]