[{"id":"0f79b41f-53d3-41b5-8fa0-153c87f60bc1","name":"Ciao!","codename":"ciao_codename","type":{"id":"9a622a46-e299-5d1c-b9e0-45ddf3f95803"},"collection":{"id":"00000000-0000-0000-0000-000000000000"},"sitemap_locations":[],"last_modified":"2021-10-14T13:54:11.9064833Z"},{"id":"60214236-d2b8-40dd-a050-b59c1c7a52ef","name":"Brazil Natural Barra Grande","codename":"brazil_natural_barra_grande","type":{"id":"31c039c6-eae2-5653-97c6-1f4c22bc9f6a"},"collection":{"id":"00000000-0000-0000-0000-000000000000"},"sitemap_locations":[],"last_modified":"2021-06-02T11:08:40.2003676Z"},{"id":"a89dcccf-4d82-4e5e-bce7-62e3c6e15197","name":"Coffee processing techniques","codename":"coffee_processing_techniques","type":{"id":"ba5cd79d-6d4b-5bed-a681-6aa3a366c8f7"},"collection":{"id":"00000000-0000-0000-0000-000000000000"},"sitemap_locations":[],"last_modified":"2021-06-02T11:08:40.3253992Z"},{"id":"a26fedaf-540a-4854-9060-26b62708b336","name":"The Coffee Story","codename":"the_coffee_story","type":{"id":"2aac8b91-0b3b-5bf4-aae6-7e3f23c461cf"},"collection":{"id":"00000000-0000-0000-0000-000000000000"},"sitemap_locations":[],"last_modified":"2021-06-02T11:08:40.434757Z"},{"id":"813db69a-3593-401b-8056-cbc6c779ada1","name":"How we source our coffees","codename":"how_we_source_our_coffees","type":{"id":"c765d86b-a7a8-564f-ac8b-3006322794b3"},"collection":{"id":"00000000-0000-0000-0000-000000000000"},"sitemap_locations":[],"last_modified":"2021-06-02T11:08:40.5598756Z"},{"id":"5d1a59b8-848a-4e63-b8f8-fa0b187b7764","name":"Home","codename":"home","type":{"id":"069aa172-cee9-51b4-910b-9978c2d991b1"},"collection":{"id":"00000000-0000-0000-0000-000000000000"},"sitemap_locations":[],"last_modified":"2021-06-02T11:08:40.7316494Z"},{"id":"4d78ce7f-d3d5-4e8b-8287-b7499ec9d30f","name":"How we roast our coffees","codename":"how_we_roast_our_coffees","type":{"id":"c765d86b-a7a8-564f-ac8b-3006322794b3"},"collection":{"id":"00000000-0000-0000-0000-000000000000"},"sitemap_locations":[],"last_modified":"2021-06-02T11:08:40.8410508Z"},{"id":"aaaa8357-d1b4-4a51-bcaa-10864d80babc","name":"Donate with us","codename":"donate_with_us","type":{"id":"ba5cd79d-6d4b-5bed-a681-6aa3a366c8f7"},"collection":{"id":"00000000-0000-0000-0000-000000000000"},"sitemap_locations":[],"last_modified":"2021-06-02T11:08:40.9504908Z"},{"id":"6cdb19a0-841e-434b-b797-0aed0af02ccd","name":"HQ in North America","codename":"hq_in_north_america","type":{"id":"02c151a5-028e-5eb9-b6e1-cf3908f54694"},"collection":{"id":"00000000-0000-0000-0000-000000000000"},"sitemap_locations":[],"last_modified":"2021-06-02T11:08:41.0910662Z"},{"id":"ee1f0477-3a0e-4050-9b0d-463fcfd32a01","name":"Espro Press","codename":"espro_press","type":{"id":"ed8f75df-fc02-5627-80fb-7a54563fa395"},"collection":{"id":"00000000-0000-0000-0000-000000000000"},"sitemap_locations":[],"last_modified":"2021-06-02T11:08:41.2322184Z"},{"id":"ff62a3eb-429c-41b5-958c-2cf568f34cd7","name":"Hooray!","codename":"which_brewing_fits_you_","type":{"id":"ba5cd79d-6d4b-5bed-a681-6aa3a366c8f7"},"collection":{"id":"00000000-0000-0000-0000-000000000000"},"sitemap_locations":[],"last_modified":"2021-06-02T11:08:41.3572255Z"},{"id":"d137e6d0-3b54-46e5-8771-90e0aafc455d","name":"Brisbane","codename":"brisbane","type":{"id":"9a622a46-e299-5d1c-b9e0-45ddf3f95803"},"collection":{"id":"00000000-0000-0000-0000-000000000000"},"sitemap_locations":[],"last_modified":"2021-06-02T11:08:41.4666022Z"},{"id":"f9446b85-07e7-4aa4-a201-986abd2459fd","name":"Hario Mini Mill Slim","codename":"hario_mini_mill_slim","type":{"id":"16242b8d-9ccb-5695-9839-5166f8deff39"},"collection":{"id":"00000000-0000-0000-0000-000000000000"},"sitemap_locations":[],"last_modified":"2021-06-02T11:08:41.6072733Z"},{"id":"3d3363a6-a1e9-4966-8578-98fe76c6fb4c","name":"New York","codename":"new_york","type":{"id":"9a622a46-e299-5d1c-b9e0-45ddf3f95803"},"collection":{"id":"00000000-0000-0000-0000-000000000000"},"sitemap_locations":[],"last_modified":"2021-06-02T11:08:41.7166432Z"},{"id":"277773e0-5636-4dc2-8d8a-b3deeb763d60","name":"London","codename":"london_","type":{"id":"9a622a46-e299-5d1c-b9e0-45ddf3f95803"},"collection":{"id":"00000000-0000-0000-0000-000000000000"},"sitemap_locations":[],"last_modified":"2021-06-02T11:08:41.8260702Z"},{"id":"074ab82b-db5c-4981-9b62-7db6f179dad7","name":"AeroPress","codename":"aeropress","type":{"id":"ed8f75df-fc02-5627-80fb-7a54563fa395"},"collection":{"id":"00000000-0000-0000-0000-000000000000"},"sitemap_locations":[],"last_modified":"2021-06-02T11:08:41.9666328Z"},{"id":"520e7f19-da08-4bc8-9a90-c58247f103a7","name":"Paper Filters for Chemex","codename":"paper_filters_for_chemex","type":{"id":"a9591fcd-a8c4-561d-ae2a-626ebcb766ad"},"collection":{"id":"00000000-0000-0000-0000-000000000000"},"sitemap_locations":[],"last_modified":"2021-06-02T11:08:42.0760412Z"},{"id":"84b9ce84-c68d-40b8-8c0e-c75e09c50243","name":"Hario V60","codename":"hario_v60","type":{"id":"ed8f75df-fc02-5627-80fb-7a54563fa395"},"collection":{"id":"00000000-0000-0000-0000-000000000000"},"sitemap_locations":[],"last_modified":"2021-06-02T11:08:42.3424793Z"},{"id":"8384eee7-e882-4ea8-b480-59138d66e468","name":"Example of content (open me)","codename":"example_of_content__open_me_","type":{"id":"ba5cd79d-6d4b-5bed-a681-6aa3a366c8f7"},"collection":{"id":"00000000-0000-0000-0000-000000000000"},"sitemap_locations":[],"last_modified":"2021-06-02T11:08:42.4674412Z"},{"id":"07294d12-746c-430a-a108-edca9ad9d783","name":"AeroPress Filters","codename":"aeropress_filters","type":{"id":"a9591fcd-a8c4-561d-ae2a-626ebcb766ad"},"collection":{"id":"00000000-0000-0000-0000-000000000000"},"sitemap_locations":[],"last_modified":"2021-06-02T11:08:42.5611989Z"},{"id":"8df4c43a-602b-4292-a67a-8130b99a35c9","name":"Melbourne","codename":"melbourne","type":{"id":"9a622a46-e299-5d1c-b9e0-45ddf3f95803"},"collection":{"id":"00000000-0000-0000-0000-000000000000"},"sitemap_locations":[],"last_modified":"2021-06-02T11:08:42.6862104Z"},{"id":"a391e67f-f615-4bd6-840f-285460fbc8d7","name":"Porlex Tall Ceramic Burr Grinder","codename":"porlex_tall_ceramic_burr_grinder","type":{"id":"16242b8d-9ccb-5695-9839-5166f8deff39"},"collection":{"id":"00000000-0000-0000-0000-000000000000"},"sitemap_locations":[],"last_modified":"2021-06-02T11:08:42.7955856Z"},{"id":"43ad791d-e1ef-4c90-81d4-6931834adeb6","name":"Hario Vacuum Pot","codename":"hario_vacuum_pot","type":{"id":"ed8f75df-fc02-5627-80fb-7a54563fa395"},"collection":{"id":"00000000-0000-0000-0000-000000000000"},"sitemap_locations":[],"last_modified":"2021-06-02T11:08:42.9049715Z"},{"id":"f26b3b85-9cbf-4ae8-8d04-ac084487cb7c","name":"Kenya Gakuyuni AA","codename":"kenya_gakuyuni_aa","type":{"id":"31c039c6-eae2-5653-97c6-1f4c22bc9f6a"},"collection":{"id":"00000000-0000-0000-0000-000000000000"},"sitemap_locations":[],"last_modified":"2021-06-02T11:08:43.0143535Z"},{"id":"c111ef48-803d-4787-9fb5-b372afb204ad","name":"Madrid","codename":"madrid","type":{"id":"9a622a46-e299-5d1c-b9e0-45ddf3f95803"},"collection":{"id":"00000000-0000-0000-0000-000000000000"},"sitemap_locations":[],"last_modified":"2021-06-02T11:08:43.1549826Z"},{"id":"7b3d9e44-3554-4a0a-b541-513fada23c8f","name":"Office in Europe","codename":"office_in_europe","type":{"id":"02c151a5-028e-5eb9-b6e1-cf3908f54694"},"collection":{"id":"00000000-0000-0000-0000-000000000000"},"sitemap_locations":[],"last_modified":"2021-06-02T11:08:43.2800078Z"},{"id":"81a1c2e0-2171-46a4-b6e8-d2a7bbe61a66","name":"Hario Buono Kettle","codename":"hario_buono_kettle","type":{"id":"a9591fcd-a8c4-561d-ae2a-626ebcb766ad"},"collection":{"id":"00000000-0000-0000-0000-000000000000"},"sitemap_locations":[],"last_modified":"2021-06-02T11:08:43.4049786Z"},{"id":"66f67ff5-1ba2-47f8-b6d9-348f4990067f","name":"Our story","codename":"our_story","type":{"id":"c765d86b-a7a8-564f-ac8b-3006322794b3"},"collection":{"id":"00000000-0000-0000-0000-000000000000"},"sitemap_locations":[],"last_modified":"2021-06-02T11:08:43.5456081Z"},{"id":"e08a8704-b556-4943-a837-f7cfe7f935bc","name":"Our philosophy","codename":"our_philosophy","type":{"id":"c765d86b-a7a8-564f-ac8b-3006322794b3"},"collection":{"id":"00000000-0000-0000-0000-000000000000"},"sitemap_locations":[],"last_modified":"2021-06-02T11:08:43.639391Z"},{"id":"31970c21-840e-4a4f-b14c-7eccbfe931e3","name":"Office in Australia","codename":"office_in_australia","type":{"id":"02c151a5-028e-5eb9-b6e1-cf3908f54694"},"collection":{"id":"00000000-0000-0000-0000-000000000000"},"sitemap_locations":[],"last_modified":"2021-06-02T11:08:43.7487849Z"},{"id":"7133dfdb-d3bf-4934-a0bc-b552bd7fcb41","name":"Where does coffee come from?","codename":"where_does_coffee_come_from__a9bfc04","type":{"id":"ba5cd79d-6d4b-5bed-a681-6aa3a366c8f7"},"collection":{"id":"00000000-0000-0000-0000-000000000000"},"sitemap_locations":[],"last_modified":"2021-06-02T11:08:43.8581273Z"},{"id":"1ff7210f-bff3-4d20-9e08-70e33d1c72dd","name":"Origins of Arabica Bourbon","codename":"origins_of_arabica_bourbon","type":{"id":"ba5cd79d-6d4b-5bed-a681-6aa3a366c8f7"},"collection":{"id":"00000000-0000-0000-0000-000000000000"},"sitemap_locations":[],"last_modified":"2021-06-02T11:08:43.9989083Z"},{"id":"95ba523e-6657-4f65-b309-e4fe0c7f4fe6","name":"Hario Skerton Hand Grinder","codename":"hario_skerton_hand_grinder","type":{"id":"16242b8d-9ccb-5695-9839-5166f8deff39"},"collection":{"id":"00000000-0000-0000-0000-000000000000"},"sitemap_locations":[],"last_modified":"2021-06-02T11:08:44.1237858Z"},{"id":"954bf09d-d477-4e66-8d37-cbe879256ead","name":"Colombia Carlos Imbachi","codename":"colombia_carlos_imbachi","type":{"id":"31c039c6-eae2-5653-97c6-1f4c22bc9f6a"},"collection":{"id":"00000000-0000-0000-0000-000000000000"},"sitemap_locations":[],"last_modified":"2021-06-02T11:08:44.2644015Z"},{"id":"deee0b3c-7b3c-4841-a603-5ada23f550fd","name":"Coffee Beverages Explained","codename":"coffee_beverages_explained","type":{"id":"ba5cd79d-6d4b-5bed-a681-6aa3a366c8f7"},"collection":{"id":"00000000-0000-0000-0000-000000000000"},"sitemap_locations":[],"last_modified":"2021-06-02T11:08:44.3894421Z"},{"id":"6b0df99e-36f6-4a75-9c09-ef3da9382938","name":"Where does coffee come from?","codename":"where_does_coffee_come_from__d8c68d0","type":{"id":"ba5cd79d-6d4b-5bed-a681-6aa3a366c8f7"},"collection":{"id":"00000000-0000-0000-0000-000000000000"},"sitemap_locations":[],"last_modified":"2021-06-02T11:08:44.4992137Z"},{"id":"4911d704-ba14-4572-b377-5420205e166f","name":"Los Angeles","codename":"los_angeles","type":{"id":"9a622a46-e299-5d1c-b9e0-45ddf3f95803"},"collection":{"id":"00000000-0000-0000-0000-000000000000"},"sitemap_locations":[],"last_modified":"2021-06-02T11:08:44.6711321Z"},{"id":"68ca99c4-f84d-40e0-9226-d0d213e2b850","name":"Chemex","codename":"chemex","type":{"id":"ed8f75df-fc02-5627-80fb-7a54563fa395"},"collection":{"id":"00000000-0000-0000-0000-000000000000"},"sitemap_locations":[],"last_modified":"2021-06-02T11:08:44.764887Z"},{"id":"6d6debfb-57cc-4e6b-aa86-cc48a8ca768d","name":"Where does coffee come from?","codename":"where_does_coffee_come_from_","type":{"id":"ba5cd79d-6d4b-5bed-a681-6aa3a366c8f7"},"collection":{"id":"00000000-0000-0000-0000-000000000000"},"sitemap_locations":[],"last_modified":"2021-06-02T11:08:44.874247Z"},{"id":"e6de8254-36f1-4266-8f6a-806f80c7fb7d","name":"Allendale","codename":"allendale","type":{"id":"9a622a46-e299-5d1c-b9e0-45ddf3f95803"},"collection":{"id":"00000000-0000-0000-0000-000000000000"},"sitemap_locations":[],"last_modified":"2021-06-02T11:08:45.0148791Z"},{"id":"1b7b8d8b-3c8f-48c9-86dc-0610af960eef","name":"Amsterdam","codename":"amsterdam","type":{"id":"9a622a46-e299-5d1c-b9e0-45ddf3f95803"},"collection":{"id":"00000000-0000-0000-0000-000000000000"},"sitemap_locations":[],"last_modified":"2021-06-02T11:08:45.405543Z"},{"id":"82ee83cd-b3d4-44dc-9772-af329f18d3f8","name":"Home page hero unit","codename":"home_page_hero_unit","type":{"id":"94dfdc89-729d-53c1-896b-5991e7f0e9ec"},"collection":{"id":"00000000-0000-0000-0000-000000000000"},"sitemap_locations":[],"last_modified":"2021-06-02T11:08:45.4992784Z"},{"id":"1d7a1155-b8cf-4c8e-b5af-6dffcbd33c0b","name":"About us","codename":"about_us","type":{"id":"014f98c0-40e2-5052-8fe1-00740752ce24"},"collection":{"id":"00000000-0000-0000-0000-000000000000"},"sitemap_locations":[],"last_modified":"2021-06-02T11:08:45.608659Z"},{"id":"4b628214-e4fe-4fe0-b1ff-955df33e1515","name":"Hooray!","codename":"on_roasts","type":{"id":"ba5cd79d-6d4b-5bed-a681-6aa3a366c8f7"},"collection":{"id":"00000000-0000-0000-0000-000000000000"},"sitemap_locations":[],"last_modified":"2021-06-11T09:37:43.483578Z"},{"id":"b9297d75-d56f-4915-add8-2545e1b2109e","name":"Sydney","codename":"sydney","type":{"id":"9a622a46-e299-5d1c-b9e0-45ddf3f95803"},"collection":{"id":"00000000-0000-0000-0000-000000000000"},"sitemap_locations":[],"last_modified":"2021-06-02T11:08:45.8430507Z"},{"id":"a081a0e3-e2a2-47ab-888a-fdde99ee13e0","name":"Home page promotion","codename":"home_page_promotion","type":{"id":"94dfdc89-729d-53c1-896b-5991e7f0e9ec"},"collection":{"id":"00000000-0000-0000-0000-000000000000"},"sitemap_locations":[],"last_modified":"2021-06-02T11:08:45.9993043Z"},{"id":"1037d403-caf0-4c37-b6b3-61a273769976","name":"Not Valid Article","codename":"not_valid_article","type":{"id":"ba5cd79d-6d4b-5bed-a681-6aa3a366c8f7"},"collection":{"id":"00000000-0000-0000-0000-000000000000"},"sitemap_locations":[],"last_modified":"2021-06-02T11:08:46.1086879Z"},{"id":"452f515f-0e1d-426f-8b20-874b41f7fac4","name":"Hooray!","codename":"hooray__452f515","type":{"id":"ba5cd79d-6d4b-5bed-a681-6aa3a366c8f7"},"collection":{"id":"00000000-0000-0000-0000-000000000000"},"sitemap_locations":[],"last_modified":"2021-06-02T15:10:01.938677Z"},{"id":"ee783322-0f7b-5a57-8d8a-89beed9d216c","name":"EditedItem","codename":"editeditem","type":{"id":"ba5cd79d-6d4b-5bed-a681-6aa3a366c8f7"},"collection":{"id":"00000000-0000-0000-0000-000000000000"},"sitemap_locations":[],"external_id":"093afb41b0614a908c8734d2bb840210","last_modified":"2021-06-02T11:08:39.8722456Z"},{"id":"a10d9d82-f795-43ad-8619-e8ba0e58e8c9","name":"Hooray!","codename":"hooray__a10d9d8","type":{"id":"ba5cd79d-6d4b-5bed-a681-6aa3a366c8f7"},"collection":{"id":"00000000-0000-0000-0000-000000000000"},"sitemap_locations":[],"last_modified":"2021-07-26T14:27:12.9396025Z"},{"id":"422cb485-0e5f-4877-a591-23a5a830f4c9","name":"Hooray!","codename":"hooray__422cb48","type":{"id":"ba5cd79d-6d4b-5bed-a681-6aa3a366c8f7"},"collection":{"id":"00000000-0000-0000-0000-000000000000"},"sitemap_locations":[],"last_modified":"2021-07-26T14:27:14.6583905Z"},{"id":"8528e9e8-1221-4795-ba39-00c9a36d9ab6","name":"Hooray!","codename":"hooray__8528e9e","type":{"id":"ba5cd79d-6d4b-5bed-a681-6aa3a366c8f7"},"collection":{"id":"00000000-0000-0000-0000-000000000000"},"sitemap_locations":[],"last_modified":"2021-07-26T14:27:15.0020999Z"},{"id":"530e4ccb-c601-4188-a13a-c89e1c75903a","name":"Hooray!","codename":"hooray__530e4cc","type":{"id":"ba5cd79d-6d4b-5bed-a681-6aa3a366c8f7"},"collection":{"id":"00000000-0000-0000-0000-000000000000"},"sitemap_locations":[],"last_modified":"2021-07-26T14:27:18.9084329Z"},{"id":"ee6badaa-b18b-4713-a0a8-b5b437822338","name":"Hooray!","codename":"hooray__ee6bada","type":{"id":"ba5cd79d-6d4b-5bed-a681-6aa3a366c8f7"},"collection":{"id":"00000000-0000-0000-0000-000000000000"},"sitemap_locations":[],"last_modified":"2021-07-26T14:29:36.4885353Z"},{"id":"f050a8ec-a34b-41f5-8ff3-44b0946698e2","name":"Hooray!","codename":"hooray__f050a8e","type":{"id":"ba5cd79d-6d4b-5bed-a681-6aa3a366c8f7"},"collection":{"id":"00000000-0000-0000-0000-000000000000"},"sitemap_locations":[],"last_modified":"2021-07-26T15:47:25.0517426Z"},{"id":"baa4b05a-4c46-4190-bbee-77341bcf8725","name":"Hooray!","codename":"hooray__baa4b05","type":{"id":"ba5cd79d-6d4b-5bed-a681-6aa3a366c8f7"},"collection":{"id":"00000000-0000-0000-0000-000000000000"},"sitemap_locations":[],"last_modified":"2021-07-26T15:47:26.723646Z"},{"id":"3e463079-4829-4e6f-8d44-20a19f542fc3","name":"Hooray!","codename":"hooray__3e46307","type":{"id":"ba5cd79d-6d4b-5bed-a681-6aa3a366c8f7"},"collection":{"id":"00000000-0000-0000-0000-000000000000"},"sitemap_locations":[],"last_modified":"2021-07-26T15:47:27.1924168Z"},{"id":"016db80c-d1f1-4d0d-9b38-5e8f604592c2","name":"Hooray!","codename":"hooray__016db80","type":{"id":"ba5cd79d-6d4b-5bed-a681-6aa3a366c8f7"},"collection":{"id":"00000000-0000-0000-0000-000000000000"},"sitemap_locations":[],"last_modified":"2021-07-26T15:47:31.1924292Z"},{"id":"676a57f4-d9ca-42ff-bef5-0205665730c6","name":"Hooray!","codename":"hooray__676a57f","type":{"id":"ba5cd79d-6d4b-5bed-a681-6aa3a366c8f7"},"collection":{"id":"00000000-0000-0000-0000-000000000000"},"sitemap_locations":[],"last_modified":"2021-07-27T04:41:31.2192691Z"},{"id":"887879dd-01b8-4678-a359-ac3f39dd51f5","name":"Hooray!","codename":"hooray__887879d","type":{"id":"ba5cd79d-6d4b-5bed-a681-6aa3a366c8f7"},"collection":{"id":"00000000-0000-0000-0000-000000000000"},"sitemap_locations":[],"last_modified":"2021-07-27T04:41:33.2661824Z"},{"id":"24941b01-7523-4953-bfac-9424220e9b38","name":"Hooray!","codename":"hooray__24941b0","type":{"id":"ba5cd79d-6d4b-5bed-a681-6aa3a366c8f7"},"collection":{"id":"00000000-0000-0000-0000-000000000000"},"sitemap_locations":[],"last_modified":"2021-07-27T04:41:33.6257142Z"},{"id":"e0682329-418b-4747-8d9e-8e65d548bd81","name":"Hooray!","codename":"hooray__e068232","type":{"id":"ba5cd79d-6d4b-5bed-a681-6aa3a366c8f7"},"collection":{"id":"00000000-0000-0000-0000-000000000000"},"sitemap_locations":[],"last_modified":"2021-07-27T04:41:37.8607356Z"},{"id":"893c559c-991e-4d06-9acc-dfd8325d5427","name":"Hooray!","codename":"hooray__893c559","type":{"id":"ba5cd79d-6d4b-5bed-a681-6aa3a366c8f7"},"collection":{"id":"00000000-0000-0000-0000-000000000000"},"sitemap_locations":[],"last_modified":"2021-07-29T10:49:01.342799Z"},{"id":"80c224ba-736a-48a2-b2bd-33f805568fe5","name":"Hooray!","codename":"hooray__80c224b","type":{"id":"ba5cd79d-6d4b-5bed-a681-6aa3a366c8f7"},"collection":{"id":"00000000-0000-0000-0000-000000000000"},"sitemap_locations":[],"last_modified":"2021-07-29T10:49:03.0928469Z"},{"id":"61c3c061-0e17-4dc1-b436-183962c48b80","name":"Hooray!","codename":"hooray__61c3c06","type":{"id":"ba5cd79d-6d4b-5bed-a681-6aa3a366c8f7"},"collection":{"id":"00000000-0000-0000-0000-000000000000"},"sitemap_locations":[],"last_modified":"2021-07-29T10:49:03.3584589Z"},{"id":"5d393b96-94e6-49e5-be61-fcfeff01db98","name":"Hooray!","codename":"hooray__5d393b9","type":{"id":"ba5cd79d-6d4b-5bed-a681-6aa3a366c8f7"},"collection":{"id":"00000000-0000-0000-0000-000000000000"},"sitemap_locations":[],"last_modified":"2021-07-29T10:49:07.3275907Z"},{"id":"3af99467-2cbb-44c3-9de1-9fce2872942c","name":"Hooray!","codename":"hooray__3af9946","type":{"id":"ba5cd79d-6d4b-5bed-a681-6aa3a366c8f7"},"collection":{"id":"00000000-0000-0000-0000-000000000000"},"sitemap_locations":[],"last_modified":"2021-07-29T11:04:36.4473375Z"},{"id":"23cdc116-80aa-4b7d-aa5c-085416aa5867","name":"Hooray!","codename":"hooray__23cdc11","type":{"id":"ba5cd79d-6d4b-5bed-a681-6aa3a366c8f7"},"collection":{"id":"00000000-0000-0000-0000-000000000000"},"sitemap_locations":[],"last_modified":"2021-07-30T06:41:12.3915956Z"},{"id":"4fd41db0-ab3a-4179-9e86-73484d2ff33a","name":"Hooray!","codename":"hooray__4fd41db","type":{"id":"ba5cd79d-6d4b-5bed-a681-6aa3a366c8f7"},"collection":{"id":"00000000-0000-0000-0000-000000000000"},"sitemap_locations":[],"last_modified":"2021-08-02T07:33:13.9854823Z"},{"id":"b8a67c54-876f-4cad-86aa-d689ac9d4ac7","name":"Hooray!","codename":"hooray__b8a67c5","type":{"id":"ba5cd79d-6d4b-5bed-a681-6aa3a366c8f7"},"collection":{"id":"00000000-0000-0000-0000-000000000000"},"sitemap_locations":[],"last_modified":"2021-08-02T07:33:16.6273132Z"},{"id":"5fedca05-d96b-4aef-9230-34d952d2b626","name":"Hooray!","codename":"hooray__5fedca0","type":{"id":"ba5cd79d-6d4b-5bed-a681-6aa3a366c8f7"},"collection":{"id":"00000000-0000-0000-0000-000000000000"},"sitemap_locations":[],"last_modified":"2021-08-02T07:33:17.049188Z"},{"id":"d55097de-e645-4314-8262-7d5a4e8b3a7a","name":"Hooray!","codename":"hooray__d55097d","type":{"id":"ba5cd79d-6d4b-5bed-a681-6aa3a366c8f7"},"collection":{"id":"00000000-0000-0000-0000-000000000000"},"sitemap_locations":[],"last_modified":"2021-08-02T07:33:21.674214Z"},{"id":"216b0054-4c0c-469a-8602-e88e840f3787","name":"Hooray!","codename":"hooray__216b005","type":{"id":"ba5cd79d-6d4b-5bed-a681-6aa3a366c8f7"},"collection":{"id":"00000000-0000-0000-0000-000000000000"},"sitemap_locations":[],"last_modified":"2021-08-02T12:33:02.351441Z"},{"id":"890d3039-a721-434b-b1e5-31d16b5f87ac","name":"Hooray!","codename":"hooray__890d303","type":{"id":"ba5cd79d-6d4b-5bed-a681-6aa3a366c8f7"},"collection":{"id":"00000000-0000-0000-0000-000000000000"},"sitemap_locations":[],"last_modified":"2021-08-02T12:33:04.5233101Z"},{"id":"76f264f7-a980-48a5-af3a-aa7bc86462fe","name":"Hooray!","codename":"hooray__76f264f","type":{"id":"ba5cd79d-6d4b-5bed-a681-6aa3a366c8f7"},"collection":{"id":"00000000-0000-0000-0000-000000000000"},"sitemap_locations":[],"last_modified":"2021-08-02T12:33:04.8514137Z"},{"id":"2bbf2082-6ff1-42cb-83fd-7d536e8a04e8","name":"Hooray!","codename":"hooray__2bbf208","type":{"id":"ba5cd79d-6d4b-5bed-a681-6aa3a366c8f7"},"collection":{"id":"00000000-0000-0000-0000-000000000000"},"sitemap_locations":[],"last_modified":"2021-08-02T12:33:08.4921044Z"},{"id":"c6804811-24e4-4b56-adc6-1380a060c23f","name":"Hooray!","codename":"hooray__c680481","type":{"id":"ba5cd79d-6d4b-5bed-a681-6aa3a366c8f7"},"collection":{"id":"00000000-0000-0000-0000-000000000000"},"sitemap_locations":[],"last_modified":"2021-08-06T06:41:40.6539968Z"},{"id":"9a8348f3-838b-41c1-a1ce-0a98551907e8","name":"Hooray!","codename":"hooray__9a8348f","type":{"id":"ba5cd79d-6d4b-5bed-a681-6aa3a366c8f7"},"collection":{"id":"00000000-0000-0000-0000-000000000000"},"sitemap_locations":[],"last_modified":"2021-08-06T06:41:42.2321208Z"},{"id":"e434cf5c-8794-4529-924e-9f8633df01d6","name":"Hooray!","codename":"hooray__e434cf5","type":{"id":"ba5cd79d-6d4b-5bed-a681-6aa3a366c8f7"},"collection":{"id":"00000000-0000-0000-0000-000000000000"},"sitemap_locations":[],"last_modified":"2021-08-06T06:41:44.6237471Z"},{"id":"fa782825-42a6-49d5-a0ec-e3b36810dfb6","name":"Hooray!","codename":"hooray__fa78282","type":{"id":"ba5cd79d-6d4b-5bed-a681-6aa3a366c8f7"},"collection":{"id":"00000000-0000-0000-0000-000000000000"},"sitemap_locations":[],"last_modified":"2021-08-06T06:41:45.4362354Z"},{"id":"fc97ef65-ef07-468a-a2e9-ac2d01f7d905","name":"Hooray!","codename":"hooray__fc97ef6","type":{"id":"ba5cd79d-6d4b-5bed-a681-6aa3a366c8f7"},"collection":{"id":"00000000-0000-0000-0000-000000000000"},"sitemap_locations":[],"last_modified":"2021-08-06T06:42:22.443661Z"},{"id":"8b1bd512-de0a-49fa-9285-a750b34cde51","name":"Hooray!","codename":"hooray__8b1bd51","type":{"id":"ba5cd79d-6d4b-5bed-a681-6aa3a366c8f7"},"collection":{"id":"00000000-0000-0000-0000-000000000000"},"sitemap_locations":[],"last_modified":"2021-08-06T06:42:23.7718559Z"},{"id":"3d42dd84-0f2d-4b27-8281-eab07873d205","name":"Hooray!","codename":"hooray__3d42dd8","type":{"id":"ba5cd79d-6d4b-5bed-a681-6aa3a366c8f7"},"collection":{"id":"00000000-0000-0000-0000-000000000000"},"sitemap_locations":[],"last_modified":"2021-08-06T06:42:25.9437092Z"},{"id":"788cccc4-f1f1-4f2b-bb38-1ad9da841eea","name":"Hooray!","codename":"hooray__788cccc","type":{"id":"ba5cd79d-6d4b-5bed-a681-6aa3a366c8f7"},"collection":{"id":"00000000-0000-0000-0000-000000000000"},"sitemap_locations":[],"last_modified":"2021-08-06T06:42:27.3980122Z"},{"id":"09f470bc-573d-4bc5-9420-787119694282","name":"Hooray!","codename":"hooray__09f470b","type":{"id":"ba5cd79d-6d4b-5bed-a681-6aa3a366c8f7"},"collection":{"id":"00000000-0000-0000-0000-000000000000"},"sitemap_locations":[],"last_modified":"2021-08-06T06:51:23.531333Z"},{"id":"41f80c70-dde8-4399-93b9-c32b94426852","name":"Hooray!","codename":"hooray__41f80c7","type":{"id":"ba5cd79d-6d4b-5bed-a681-6aa3a366c8f7"},"collection":{"id":"00000000-0000-0000-0000-000000000000"},"sitemap_locations":[],"last_modified":"2021-08-06T06:51:24.906369Z"},{"id":"b38a4beb-3ce4-4d37-9875-6724c9ebfa5d","name":"Hooray!","codename":"hooray__b38a4be","type":{"id":"ba5cd79d-6d4b-5bed-a681-6aa3a366c8f7"},"collection":{"id":"00000000-0000-0000-0000-000000000000"},"sitemap_locations":[],"last_modified":"2021-08-06T06:51:26.8594824Z"},{"id":"95a09d55-01b6-4ba7-bd41-e4d855491eab","name":"Hooray!","codename":"hooray__95a09d5","type":{"id":"ba5cd79d-6d4b-5bed-a681-6aa3a366c8f7"},"collection":{"id":"00000000-0000-0000-0000-000000000000"},"sitemap_locations":[],"last_modified":"2021-08-06T06:51:27.8907605Z"},{"id":"4ed33b0a-fc0f-4bc0-b88c-88ae7609305a","name":"Hooray!","codename":"hooray__4ed33b0","type":{"id":"ba5cd79d-6d4b-5bed-a681-6aa3a366c8f7"},"collection":{"id":"00000000-0000-0000-0000-000000000000"},"sitemap_locations":[],"last_modified":"2021-08-06T07:08:00.0478815Z"},{"id":"1aa77898-fbe1-46b9-afb5-285c8b5ebee7","name":"Hooray!","codename":"hooray__1aa7789","type":{"id":"ba5cd79d-6d4b-5bed-a681-6aa3a366c8f7"},"collection":{"id":"00000000-0000-0000-0000-000000000000"},"sitemap_locations":[],"last_modified":"2021-08-06T07:08:01.54783Z"},{"id":"4f36df44-af56-4bf5-9b36-b04a6f410dc8","name":"Hooray!","codename":"hooray__4f36df4","type":{"id":"ba5cd79d-6d4b-5bed-a681-6aa3a366c8f7"},"collection":{"id":"00000000-0000-0000-0000-000000000000"},"sitemap_locations":[],"last_modified":"2021-08-06T07:08:03.5322411Z"},{"id":"d99da40b-dadf-4fdf-b22b-5a77364b3aeb","name":"Hooray!","codename":"hooray__d99da40","type":{"id":"ba5cd79d-6d4b-5bed-a681-6aa3a366c8f7"},"collection":{"id":"00000000-0000-0000-0000-000000000000"},"sitemap_locations":[],"last_modified":"2021-08-06T07:08:04.5478798Z"},{"id":"9ba97d32-8fb4-441a-92a1-b5ca9b26d19c","name":"Hooray!","codename":"hooray__9ba97d3","type":{"id":"ba5cd79d-6d4b-5bed-a681-6aa3a366c8f7"},"collection":{"id":"00000000-0000-0000-0000-000000000000"},"sitemap_locations":[],"last_modified":"2021-08-06T07:09:38.178909Z"},{"id":"340f6951-332e-4a61-b18a-8f8baa341925","name":"Hooray!","codename":"hooray__340f695","type":{"id":"ba5cd79d-6d4b-5bed-a681-6aa3a366c8f7"},"collection":{"id":"00000000-0000-0000-0000-000000000000"},"sitemap_locations":[],"last_modified":"2021-08-06T07:09:39.569595Z"},{"id":"22f26c4c-c75b-414f-a63e-d2669fe512b3","name":"Hooray!","codename":"hooray__22f26c4","type":{"id":"ba5cd79d-6d4b-5bed-a681-6aa3a366c8f7"},"collection":{"id":"00000000-0000-0000-0000-000000000000"},"sitemap_locations":[],"last_modified":"2021-08-06T07:09:42.0541074Z"},{"id":"c340626d-b51f-42f1-a678-fa40facde2dc","name":"Hooray!","codename":"hooray__c340626","type":{"id":"ba5cd79d-6d4b-5bed-a681-6aa3a366c8f7"},"collection":{"id":"00000000-0000-0000-0000-000000000000"},"sitemap_locations":[],"last_modified":"2021-08-06T07:09:42.8197296Z"},{"id":"911a73f0-9660-45d2-9ee9-293e01df51ff","name":"Hooray!","codename":"hooray__911a73f","type":{"id":"ba5cd79d-6d4b-5bed-a681-6aa3a366c8f7"},"collection":{"id":"00000000-0000-0000-0000-000000000000"},"sitemap_locations":[],"last_modified":"2021-08-06T07:11:01.7382289Z"},{"id":"7d590285-d116-4fc5-befa-6c86ed6ee02c","name":"Hooray!","codename":"hooray__7d59028","type":{"id":"ba5cd79d-6d4b-5bed-a681-6aa3a366c8f7"},"collection":{"id":"00000000-0000-0000-0000-000000000000"},"sitemap_locations":[],"last_modified":"2021-08-06T07:11:03.1913624Z"},{"id":"a74d6cb7-d3d9-4c54-9a41-a4445f80e3fc","name":"Hooray!","codename":"hooray__a74d6cb","type":{"id":"ba5cd79d-6d4b-5bed-a681-6aa3a366c8f7"},"collection":{"id":"00000000-0000-0000-0000-000000000000"},"sitemap_locations":[],"last_modified":"2021-08-06T07:11:05.2415407Z"},{"id":"28d10a32-31e4-4531-ba98-1a8b3a106167","name":"Hooray!","codename":"hooray__28d10a3","type":{"id":"ba5cd79d-6d4b-5bed-a681-6aa3a366c8f7"},"collection":{"id":"00000000-0000-0000-0000-000000000000"},"sitemap_locations":[],"last_modified":"2021-08-06T07:11:06.1790524Z"},{"id":"2b909f69-9731-4c7e-b020-a50f38f09a91","name":"Hooray!","codename":"hooray__2b909f6","type":{"id":"ba5cd79d-6d4b-5bed-a681-6aa3a366c8f7"},"collection":{"id":"00000000-0000-0000-0000-000000000000"},"sitemap_locations":[],"last_modified":"2021-08-06T07:12:01.8152966Z"},{"id":"3d834afc-e64b-40eb-8026-8fd10ca8528e","name":"Hooray!","codename":"hooray__3d834af","type":{"id":"ba5cd79d-6d4b-5bed-a681-6aa3a366c8f7"},"collection":{"id":"00000000-0000-0000-0000-000000000000"},"sitemap_locations":[],"last_modified":"2021-08-06T07:12:03.0830101Z"},{"id":"bb33d31d-8556-4801-af44-dffd14beb37e","name":"Hooray!","codename":"hooray__bb33d31","type":{"id":"ba5cd79d-6d4b-5bed-a681-6aa3a366c8f7"},"collection":{"id":"00000000-0000-0000-0000-000000000000"},"sitemap_locations":[],"last_modified":"2021-08-06T07:12:05.5518243Z"},{"id":"68e6e74d-2154-4a68-b341-545ffc4c26c6","name":"Hooray!","codename":"hooray__68e6e74","type":{"id":"ba5cd79d-6d4b-5bed-a681-6aa3a366c8f7"},"collection":{"id":"00000000-0000-0000-0000-000000000000"},"sitemap_locations":[],"last_modified":"2021-08-06T07:12:06.2707109Z"},{"id":"543b4423-9b0c-4a19-a255-7601d79826b8","name":"Hooray!","codename":"hooray__543b442","type":{"id":"ba5cd79d-6d4b-5bed-a681-6aa3a366c8f7"},"collection":{"id":"00000000-0000-0000-0000-000000000000"},"sitemap_locations":[],"last_modified":"2021-08-06T07:13:23.6259692Z"},{"id":"2c43d6ca-2511-4f38-933f-2606ab70f3fc","name":"Hooray!","codename":"hooray__2c43d6c","type":{"id":"ba5cd79d-6d4b-5bed-a681-6aa3a366c8f7"},"collection":{"id":"00000000-0000-0000-0000-000000000000"},"sitemap_locations":[],"last_modified":"2021-08-06T07:13:25.0322177Z"},{"id":"7d9b108a-25a6-43fa-927e-635607c7af13","name":"Hooray!","codename":"hooray__7d9b108","type":{"id":"ba5cd79d-6d4b-5bed-a681-6aa3a366c8f7"},"collection":{"id":"00000000-0000-0000-0000-000000000000"},"sitemap_locations":[],"last_modified":"2021-08-06T07:13:27.1884867Z"},{"id":"91ad31e0-b610-4d78-87d1-7d63d6b7a28e","name":"Hooray!","codename":"hooray__91ad31e","type":{"id":"ba5cd79d-6d4b-5bed-a681-6aa3a366c8f7"},"collection":{"id":"00000000-0000-0000-0000-000000000000"},"sitemap_locations":[],"last_modified":"2021-08-06T07:13:28.5479042Z"},{"id":"32176234-3bf3-4118-81fc-937204470f27","name":"Hooray!","codename":"hooray__3217623","type":{"id":"ba5cd79d-6d4b-5bed-a681-6aa3a366c8f7"},"collection":{"id":"00000000-0000-0000-0000-000000000000"},"sitemap_locations":[],"last_modified":"2021-08-06T07:14:32.3503374Z"},{"id":"7e545915-064b-4be2-a38a-20a448c3bbfe","name":"Hooray!","codename":"hooray__7e54591","type":{"id":"ba5cd79d-6d4b-5bed-a681-6aa3a366c8f7"},"collection":{"id":"00000000-0000-0000-0000-000000000000"},"sitemap_locations":[],"last_modified":"2021-08-06T07:14:33.6651563Z"},{"id":"efaa8f05-c35b-49b7-92b8-713299d78ffd","name":"Hooray!","codename":"hooray__efaa8f0","type":{"id":"ba5cd79d-6d4b-5bed-a681-6aa3a366c8f7"},"collection":{"id":"00000000-0000-0000-0000-000000000000"},"sitemap_locations":[],"last_modified":"2021-08-06T07:14:35.7433046Z"},{"id":"5a0f608b-2217-4748-ac1e-547e0e56803a","name":"Hooray!","codename":"hooray__5a0f608","type":{"id":"ba5cd79d-6d4b-5bed-a681-6aa3a366c8f7"},"collection":{"id":"00000000-0000-0000-0000-000000000000"},"sitemap_locations":[],"last_modified":"2021-08-06T07:14:37.1413152Z"},{"id":"26b42459-de2f-43ee-a8df-7ae1a1b5ae9a","name":"Hooray!","codename":"hooray__26b4245","type":{"id":"ba5cd79d-6d4b-5bed-a681-6aa3a366c8f7"},"collection":{"id":"00000000-0000-0000-0000-000000000000"},"sitemap_locations":[],"last_modified":"2021-08-06T07:15:10.0904388Z"},{"id":"3a52c270-9af4-4d61-bf1d-c6e0ee503042","name":"Hooray!","codename":"hooray__3a52c27","type":{"id":"ba5cd79d-6d4b-5bed-a681-6aa3a366c8f7"},"collection":{"id":"00000000-0000-0000-0000-000000000000"},"sitemap_locations":[],"last_modified":"2021-08-06T07:15:11.4198957Z"},{"id":"ad7ef3e1-4f40-44c5-b8ec-8de1f61f2c92","name":"Hooray!","codename":"hooray__ad7ef3e","type":{"id":"ba5cd79d-6d4b-5bed-a681-6aa3a366c8f7"},"collection":{"id":"00000000-0000-0000-0000-000000000000"},"sitemap_locations":[],"last_modified":"2021-08-06T07:15:13.5144637Z"},{"id":"891ac657-e4fb-4937-a8df-1e8a15c0e945","name":"Hooray!","codename":"hooray__891ac65","type":{"id":"ba5cd79d-6d4b-5bed-a681-6aa3a366c8f7"},"collection":{"id":"00000000-0000-0000-0000-000000000000"},"sitemap_locations":[],"last_modified":"2021-08-06T07:15:14.8582143Z"},{"id":"6d797ae5-169d-46b8-9834-19489f5679da","name":"Hooray!","codename":"hooray__6d797ae","type":{"id":"ba5cd79d-6d4b-5bed-a681-6aa3a366c8f7"},"collection":{"id":"00000000-0000-0000-0000-000000000000"},"sitemap_locations":[],"last_modified":"2021-08-06T07:16:50.1119283Z"},{"id":"cf6b87e4-5370-44fe-a8d2-01ba73834248","name":"Hooray!","codename":"hooray__cf6b87e","type":{"id":"ba5cd79d-6d4b-5bed-a681-6aa3a366c8f7"},"collection":{"id":"00000000-0000-0000-0000-000000000000"},"sitemap_locations":[],"last_modified":"2021-08-06T07:16:51.5962907Z"},{"id":"2863bec9-c029-4b46-85db-a3d697b00dea","name":"Hooray!","codename":"hooray__2863bec","type":{"id":"ba5cd79d-6d4b-5bed-a681-6aa3a366c8f7"},"collection":{"id":"00000000-0000-0000-0000-000000000000"},"sitemap_locations":[],"last_modified":"2021-08-06T07:16:59.2213391Z"},{"id":"a80c9500-5069-46bb-be7b-1a83068cb7ec","name":"Hooray!","codename":"hooray__a80c950","type":{"id":"ba5cd79d-6d4b-5bed-a681-6aa3a366c8f7"},"collection":{"id":"00000000-0000-0000-0000-000000000000"},"sitemap_locations":[],"last_modified":"2021-08-06T07:17:00.627596Z"},{"id":"eb6255fe-39cd-43ac-8a69-d332e29b50e6","name":"Hooray!","codename":"hooray__eb6255f","type":{"id":"ba5cd79d-6d4b-5bed-a681-6aa3a366c8f7"},"collection":{"id":"00000000-0000-0000-0000-000000000000"},"sitemap_locations":[],"last_modified":"2021-08-06T07:17:15.0523727Z"},{"id":"7112249b-e7c0-445b-9b5a-783e7ee36875","name":"Hooray!","codename":"hooray__7112249","type":{"id":"ba5cd79d-6d4b-5bed-a681-6aa3a366c8f7"},"collection":{"id":"00000000-0000-0000-0000-000000000000"},"sitemap_locations":[],"last_modified":"2021-08-06T07:17:16.5523889Z"},{"id":"2e417c17-9e34-4062-9003-1898a3cd92e7","name":"Hooray!","codename":"hooray__2e417c1","type":{"id":"ba5cd79d-6d4b-5bed-a681-6aa3a366c8f7"},"collection":{"id":"00000000-0000-0000-0000-000000000000"},"sitemap_locations":[],"last_modified":"2021-08-06T07:17:18.3336556Z"},{"id":"6f1c1a58-6ed4-4cca-8781-e990523ca74d","name":"Hooray!","codename":"hooray__6f1c1a5","type":{"id":"ba5cd79d-6d4b-5bed-a681-6aa3a366c8f7"},"collection":{"id":"00000000-0000-0000-0000-000000000000"},"sitemap_locations":[],"last_modified":"2021-08-06T07:17:19.8024227Z"},{"id":"385431ce-15d4-4004-a578-54f686265f61","name":"Hooray!","codename":"hooray__385431c","type":{"id":"ba5cd79d-6d4b-5bed-a681-6aa3a366c8f7"},"collection":{"id":"00000000-0000-0000-0000-000000000000"},"sitemap_locations":[],"last_modified":"2021-08-06T07:17:23.0680731Z"},{"id":"5172f302-3f3d-4eb2-9c54-f970c21c7f46","name":"Hooray!","codename":"hooray__5172f30","type":{"id":"ba5cd79d-6d4b-5bed-a681-6aa3a366c8f7"},"collection":{"id":"00000000-0000-0000-0000-000000000000"},"sitemap_locations":[],"last_modified":"2021-08-06T07:17:23.489974Z"},{"id":"4485f88b-aea7-4f19-89b7-d08c15ca05b9","name":"Hooray!","codename":"hooray__4485f88","type":{"id":"ba5cd79d-6d4b-5bed-a681-6aa3a366c8f7"},"collection":{"id":"00000000-0000-0000-0000-000000000000"},"sitemap_locations":[],"last_modified":"2021-08-06T07:17:24.536832Z"},{"id":"19e56805-d341-4435-86be-c88dcc1123b2","name":"Hooray!","codename":"hooray__19e5680","type":{"id":"ba5cd79d-6d4b-5bed-a681-6aa3a366c8f7"},"collection":{"id":"00000000-0000-0000-0000-000000000000"},"sitemap_locations":[],"last_modified":"2021-08-06T07:17:24.8649613Z"},{"id":"f469e652-0412-4269-9f20-7df1534857b1","name":"Hooray!","codename":"hooray__f469e65","type":{"id":"ba5cd79d-6d4b-5bed-a681-6aa3a366c8f7"},"collection":{"id":"00000000-0000-0000-0000-000000000000"},"sitemap_locations":[],"last_modified":"2021-08-06T07:17:31.6619038Z"},{"id":"b276a97e-6021-41e1-96fe-8fcd698746fb","name":"Hooray!","codename":"hooray__b276a97","type":{"id":"ba5cd79d-6d4b-5bed-a681-6aa3a366c8f7"},"collection":{"id":"00000000-0000-0000-0000-000000000000"},"sitemap_locations":[],"last_modified":"2021-08-06T07:17:33.0994179Z"},{"id":"ee8497f4-5b7c-4a43-9734-af5a974108e3","name":"Hooray!","codename":"hooray__ee8497f","type":{"id":"ba5cd79d-6d4b-5bed-a681-6aa3a366c8f7"},"collection":{"id":"00000000-0000-0000-0000-000000000000"},"sitemap_locations":[],"last_modified":"2021-08-06T07:17:35.0838173Z"},{"id":"d6a21ead-18f3-4c53-82f9-166856683562","name":"Hooray!","codename":"hooray__d6a21ea","type":{"id":"ba5cd79d-6d4b-5bed-a681-6aa3a366c8f7"},"collection":{"id":"00000000-0000-0000-0000-000000000000"},"sitemap_locations":[],"last_modified":"2021-08-06T07:17:36.0838261Z"},{"id":"c6eb2542-9a32-4720-8e5d-5476cf8c644c","name":"Hooray!","codename":"hooray__c6eb254","type":{"id":"ba5cd79d-6d4b-5bed-a681-6aa3a366c8f7"},"collection":{"id":"00000000-0000-0000-0000-000000000000"},"sitemap_locations":[],"last_modified":"2021-08-06T07:19:18.6418716Z"},{"id":"412e95ac-a99a-4130-b601-a2b1d3cd6063","name":"Hooray!","codename":"hooray__412e95a","type":{"id":"ba5cd79d-6d4b-5bed-a681-6aa3a366c8f7"},"collection":{"id":"00000000-0000-0000-0000-000000000000"},"sitemap_locations":[],"last_modified":"2021-08-06T07:19:20.1418798Z"},{"id":"3d2336d6-20d3-4cf0-8e7c-5ba562b70c8c","name":"Hooray!","codename":"hooray__3d2336d","type":{"id":"ba5cd79d-6d4b-5bed-a681-6aa3a366c8f7"},"collection":{"id":"00000000-0000-0000-0000-000000000000"},"sitemap_locations":[],"last_modified":"2021-08-06T07:19:22.0950155Z"},{"id":"0eda07b7-c631-4f6c-89fc-04c5e721abe5","name":"Hooray!","codename":"hooray__0eda07b","type":{"id":"ba5cd79d-6d4b-5bed-a681-6aa3a366c8f7"},"collection":{"id":"00000000-0000-0000-0000-000000000000"},"sitemap_locations":[],"last_modified":"2021-08-06T07:19:23.4700313Z"},{"id":"5ed66170-c343-4e44-9d8c-4d993ca4bdd5","name":"Hooray!","codename":"hooray__5ed6617","type":{"id":"ba5cd79d-6d4b-5bed-a681-6aa3a366c8f7"},"collection":{"id":"00000000-0000-0000-0000-000000000000"},"sitemap_locations":[],"last_modified":"2021-08-06T07:23:52.2912802Z"},{"id":"b2dac54b-b2ae-456c-9288-85535db7d169","name":"Hooray!","codename":"hooray__b2dac54","type":{"id":"ba5cd79d-6d4b-5bed-a681-6aa3a366c8f7"},"collection":{"id":"00000000-0000-0000-0000-000000000000"},"sitemap_locations":[],"last_modified":"2021-08-06T07:23:53.9478972Z"},{"id":"b853b46d-9636-4511-973a-3567f66c5c08","name":"Hooray!","codename":"hooray__b853b46","type":{"id":"ba5cd79d-6d4b-5bed-a681-6aa3a366c8f7"},"collection":{"id":"00000000-0000-0000-0000-000000000000"},"sitemap_locations":[],"last_modified":"2021-08-06T07:23:55.9322865Z"},{"id":"79a6e5eb-447b-4160-8c26-1548966400d0","name":"Hooray!","codename":"hooray__79a6e5e","type":{"id":"ba5cd79d-6d4b-5bed-a681-6aa3a366c8f7"},"collection":{"id":"00000000-0000-0000-0000-000000000000"},"sitemap_locations":[],"last_modified":"2021-08-06T07:23:57.0260101Z"},{"id":"ac341044-64d4-46c3-8de3-f916f2d5aa0b","name":"Hooray!","codename":"hooray__ac34104","type":{"id":"ba5cd79d-6d4b-5bed-a681-6aa3a366c8f7"},"collection":{"id":"00000000-0000-0000-0000-000000000000"},"sitemap_locations":[],"last_modified":"2021-08-06T07:24:13.1099115Z"},{"id":"2f9d59a4-76b5-4ba4-955e-5744509e45a5","name":"Hooray!","codename":"hooray__2f9d59a","type":{"id":"ba5cd79d-6d4b-5bed-a681-6aa3a366c8f7"},"collection":{"id":"00000000-0000-0000-0000-000000000000"},"sitemap_locations":[],"last_modified":"2021-08-06T07:24:13.4692873Z"},{"id":"c374d6eb-65fb-474d-bd05-b63e3d5aebbf","name":"Hooray!","codename":"hooray__c374d6e","type":{"id":"ba5cd79d-6d4b-5bed-a681-6aa3a366c8f7"},"collection":{"id":"00000000-0000-0000-0000-000000000000"},"sitemap_locations":[],"last_modified":"2021-08-06T07:24:14.5474276Z"},{"id":"4dde0e26-e66a-47fd-af65-ef7164eac1bb","name":"Hooray!","codename":"hooray__4dde0e2","type":{"id":"ba5cd79d-6d4b-5bed-a681-6aa3a366c8f7"},"collection":{"id":"00000000-0000-0000-0000-000000000000"},"sitemap_locations":[],"last_modified":"2021-08-06T07:24:14.8599339Z"},{"id":"e7e6e169-948c-4a7f-8a35-cceb77824d60","name":"Hooray!","codename":"hooray__e7e6e16","type":{"id":"ba5cd79d-6d4b-5bed-a681-6aa3a366c8f7"},"collection":{"id":"00000000-0000-0000-0000-000000000000"},"sitemap_locations":[],"last_modified":"2021-08-06T07:24:21.4538554Z"},{"id":"3a69fa67-74ba-4aa3-b391-a6d48542388c","name":"Hooray!","codename":"hooray__3a69fa6","type":{"id":"ba5cd79d-6d4b-5bed-a681-6aa3a366c8f7"},"collection":{"id":"00000000-0000-0000-0000-000000000000"},"sitemap_locations":[],"last_modified":"2021-08-06T07:24:22.8132155Z"},{"id":"cc311e42-8937-4a18-9999-ed92b867ae54","name":"Hooray!","codename":"hooray__cc311e4","type":{"id":"ba5cd79d-6d4b-5bed-a681-6aa3a366c8f7"},"collection":{"id":"00000000-0000-0000-0000-000000000000"},"sitemap_locations":[],"last_modified":"2021-08-06T07:24:24.8444826Z"},{"id":"6c466a0e-a396-460e-abd1-fbd5a4daf79f","name":"Hooray!","codename":"hooray__6c466a0","type":{"id":"ba5cd79d-6d4b-5bed-a681-6aa3a366c8f7"},"collection":{"id":"00000000-0000-0000-0000-000000000000"},"sitemap_locations":[],"last_modified":"2021-08-06T07:24:26.2071741Z"},{"id":"d92c7ca7-f39c-4d0c-8eb3-61198c2146d2","name":"Hooray!","codename":"hooray__d92c7ca","type":{"id":"ba5cd79d-6d4b-5bed-a681-6aa3a366c8f7"},"collection":{"id":"00000000-0000-0000-0000-000000000000"},"sitemap_locations":[],"last_modified":"2021-08-06T07:30:49.4348856Z"},{"id":"27ab67a6-7da9-4a02-980f-7a3c605063d8","name":"Hooray!","codename":"hooray__27ab67a","type":{"id":"ba5cd79d-6d4b-5bed-a681-6aa3a366c8f7"},"collection":{"id":"00000000-0000-0000-0000-000000000000"},"sitemap_locations":[],"last_modified":"2021-08-06T07:30:50.8568174Z"},{"id":"ec26c3a8-02b7-4d45-87e4-c20fd98f7eeb","name":"Hooray!","codename":"hooray__ec26c3a","type":{"id":"ba5cd79d-6d4b-5bed-a681-6aa3a366c8f7"},"collection":{"id":"00000000-0000-0000-0000-000000000000"},"sitemap_locations":[],"last_modified":"2021-08-06T07:30:52.8724774Z"},{"id":"2c993ffa-27e9-4d34-838b-4efe95a6390b","name":"Hooray!","codename":"hooray__2c993ff","type":{"id":"ba5cd79d-6d4b-5bed-a681-6aa3a366c8f7"},"collection":{"id":"00000000-0000-0000-0000-000000000000"},"sitemap_locations":[],"last_modified":"2021-08-06T07:30:53.9662599Z"},{"id":"05affb9f-b960-400a-a67b-91fdd97de141","name":"Hooray!","codename":"hooray__05affb9","type":{"id":"ba5cd79d-6d4b-5bed-a681-6aa3a366c8f7"},"collection":{"id":"00000000-0000-0000-0000-000000000000"},"sitemap_locations":[],"last_modified":"2021-08-06T07:39:26.1631848Z"},{"id":"da5a34c5-57e9-450d-8d63-dd522cd4154a","name":"Hooray!","codename":"hooray__da5a34c","type":{"id":"ba5cd79d-6d4b-5bed-a681-6aa3a366c8f7"},"collection":{"id":"00000000-0000-0000-0000-000000000000"},"sitemap_locations":[],"last_modified":"2021-08-06T07:59:35.7159606Z"},{"id":"140d084e-e15a-48f6-9b21-b86336a1dc5d","name":"Hooray!","codename":"hooray__140d084","type":{"id":"ba5cd79d-6d4b-5bed-a681-6aa3a366c8f7"},"collection":{"id":"00000000-0000-0000-0000-000000000000"},"sitemap_locations":[],"last_modified":"2021-08-13T08:00:23.192801Z"},{"id":"b23758d2-9458-40f7-a260-24c4c0952058","name":"Hooray!","codename":"hooray__b23758d","type":{"id":"ba5cd79d-6d4b-5bed-a681-6aa3a366c8f7"},"collection":{"id":"00000000-0000-0000-0000-000000000000"},"sitemap_locations":[],"last_modified":"2021-08-13T08:31:11.0303526Z"},{"id":"dc62e67c-0fee-44a9-ad6e-cc148eaf183d","name":"Hooray!","codename":"hooray__dc62e67","type":{"id":"ba5cd79d-6d4b-5bed-a681-6aa3a366c8f7"},"collection":{"id":"00000000-0000-0000-0000-000000000000"},"sitemap_locations":[],"last_modified":"2021-08-13T08:31:11.1872449Z"},{"id":"da97f425-4257-4b74-80a2-ec57daaaa7fb","name":"Hooray!","codename":"hooray__da97f42","type":{"id":"ba5cd79d-6d4b-5bed-a681-6aa3a366c8f7"},"collection":{"id":"00000000-0000-0000-0000-000000000000"},"sitemap_locations":[],"last_modified":"2021-08-13T08:31:12.7839617Z"},{"id":"af26bd1c-79a0-49fb-a0ae-614355ca1a7b","name":"Hooray!","codename":"hooray__af26bd1","type":{"id":"ba5cd79d-6d4b-5bed-a681-6aa3a366c8f7"},"collection":{"id":"00000000-0000-0000-0000-000000000000"},"sitemap_locations":[],"last_modified":"2021-08-13T08:31:14.6455222Z"},{"id":"28182e29-1af2-4a01-9c40-28c5c57d7e87","name":"Hooray!","codename":"hooray__28182e2","type":{"id":"ba5cd79d-6d4b-5bed-a681-6aa3a366c8f7"},"collection":{"id":"00000000-0000-0000-0000-000000000000"},"sitemap_locations":[],"last_modified":"2021-08-13T08:31:15.9935747Z"},{"id":"e892dcc3-a9b5-46d8-ade0-e316150d6973","name":"Hooray!","codename":"hooray__e892dcc","type":{"id":"ba5cd79d-6d4b-5bed-a681-6aa3a366c8f7"},"collection":{"id":"00000000-0000-0000-0000-000000000000"},"sitemap_locations":[],"last_modified":"2021-08-13T08:31:16.102957Z"},{"id":"b4a590c4-1f2a-4d84-99b6-09d9c0bc7153","name":"Hooray!","codename":"hooray__b4a590c","type":{"id":"ba5cd79d-6d4b-5bed-a681-6aa3a366c8f7"},"collection":{"id":"00000000-0000-0000-0000-000000000000"},"sitemap_locations":[],"last_modified":"2021-08-13T08:34:32.5390885Z"},{"id":"74f0970c-d533-47ac-8dbb-afdbba50f22a","name":"Hooray!","codename":"hooray__74f0970","type":{"id":"ba5cd79d-6d4b-5bed-a681-6aa3a366c8f7"},"collection":{"id":"00000000-0000-0000-0000-000000000000"},"sitemap_locations":[],"last_modified":"2021-08-13T08:34:34.304742Z"},{"id":"6de93170-482f-43fb-a9d0-efabbcb01dc1","name":"Hooray!","codename":"hooray__6de9317","type":{"id":"ba5cd79d-6d4b-5bed-a681-6aa3a366c8f7"},"collection":{"id":"00000000-0000-0000-0000-000000000000"},"sitemap_locations":[],"last_modified":"2021-08-13T08:34:36.9621163Z"},{"id":"027aadd4-7a19-476d-8202-fee4a66b986c","name":"Hooray!","codename":"hooray__027aadd","type":{"id":"ba5cd79d-6d4b-5bed-a681-6aa3a366c8f7"},"collection":{"id":"00000000-0000-0000-0000-000000000000"},"sitemap_locations":[],"last_modified":"2021-08-13T08:34:38.8527536Z"},{"id":"5b21d55c-2241-4c9d-83aa-0e720beb9a35","name":"Hooray!","codename":"hooray__5b21d55","type":{"id":"ba5cd79d-6d4b-5bed-a681-6aa3a366c8f7"},"collection":{"id":"00000000-0000-0000-0000-000000000000"},"sitemap_locations":[],"last_modified":"2021-08-13T08:47:48.697974Z"},{"id":"c2622157-debf-4e7f-bd40-43ca2ea02157","name":"Hooray!","codename":"hooray__c262215","type":{"id":"ba5cd79d-6d4b-5bed-a681-6aa3a366c8f7"},"collection":{"id":"00000000-0000-0000-0000-000000000000"},"sitemap_locations":[],"last_modified":"2021-08-13T08:47:50.4862715Z"},{"id":"00bf6c81-d081-4057-bf58-7062c7b221f7","name":"Hooray!","codename":"hooray__00bf6c8","type":{"id":"ba5cd79d-6d4b-5bed-a681-6aa3a366c8f7"},"collection":{"id":"00000000-0000-0000-0000-000000000000"},"sitemap_locations":[],"last_modified":"2021-08-13T08:47:52.8480683Z"},{"id":"81845d14-8a46-4213-8db1-a90c7633e08f","name":"Hooray!","codename":"hooray__81845d1","type":{"id":"ba5cd79d-6d4b-5bed-a681-6aa3a366c8f7"},"collection":{"id":"00000000-0000-0000-0000-000000000000"},"sitemap_locations":[],"last_modified":"2021-08-13T08:47:54.7855898Z"},{"id":"ad9bf132-4815-4cb0-bc98-10ab58f9b4a5","name":"Hooray!","codename":"hooray__ad9bf13","type":{"id":"ba5cd79d-6d4b-5bed-a681-6aa3a366c8f7"},"collection":{"id":"00000000-0000-0000-0000-000000000000"},"sitemap_locations":[],"last_modified":"2021-08-13T10:13:21.0812074Z"},{"id":"4bc0eb8c-c88f-4436-af16-41d6cc914d3a","name":"Hooray!","codename":"hooray__4bc0eb8","type":{"id":"ba5cd79d-6d4b-5bed-a681-6aa3a366c8f7"},"collection":{"id":"00000000-0000-0000-0000-000000000000"},"sitemap_locations":[],"last_modified":"2021-08-13T10:13:22.9249575Z"},{"id":"75dd8f1d-4e74-4a6d-80f4-8d60ebd7548a","name":"Hooray!","codename":"hooray__75dd8f1","type":{"id":"ba5cd79d-6d4b-5bed-a681-6aa3a366c8f7"},"collection":{"id":"00000000-0000-0000-0000-000000000000"},"sitemap_locations":[],"last_modified":"2021-08-13T10:13:25.1437413Z"},{"id":"0ca5dcc7-feb3-4137-bdb2-6054685dc160","name":"Hooray!","codename":"hooray__0ca5dcc","type":{"id":"ba5cd79d-6d4b-5bed-a681-6aa3a366c8f7"},"collection":{"id":"00000000-0000-0000-0000-000000000000"},"sitemap_locations":[],"last_modified":"2021-08-13T10:13:26.9644395Z"},{"id":"08953a80-b5b6-455e-afc3-5f02637d8178","name":"Hooray!","codename":"hooray__08953a8","type":{"id":"ba5cd79d-6d4b-5bed-a681-6aa3a366c8f7"},"collection":{"id":"00000000-0000-0000-0000-000000000000"},"sitemap_locations":[],"last_modified":"2021-08-13T10:14:30.9159455Z"},{"id":"4f93096c-d0f6-4d95-8603-fe5425ae795b","name":"Hooray!","codename":"hooray__4f93096","type":{"id":"ba5cd79d-6d4b-5bed-a681-6aa3a366c8f7"},"collection":{"id":"00000000-0000-0000-0000-000000000000"},"sitemap_locations":[],"last_modified":"2021-08-13T10:14:32.790951Z"},{"id":"2461691a-b00a-4672-9abf-7ced8b299e8c","name":"Hooray!","codename":"hooray__2461691","type":{"id":"ba5cd79d-6d4b-5bed-a681-6aa3a366c8f7"},"collection":{"id":"00000000-0000-0000-0000-000000000000"},"sitemap_locations":[],"last_modified":"2021-08-13T10:14:36.3411275Z"},{"id":"9e0e5755-475a-4c20-be15-f4f2dc20dcbb","name":"Hooray!","codename":"hooray__9e0e575","type":{"id":"ba5cd79d-6d4b-5bed-a681-6aa3a366c8f7"},"collection":{"id":"00000000-0000-0000-0000-000000000000"},"sitemap_locations":[],"last_modified":"2021-08-13T10:14:37.9974044Z"},{"id":"3ed26981-327e-4d1c-b5ff-43893b11a7f8","name":"Hooray!","codename":"hooray__3ed2698","type":{"id":"ba5cd79d-6d4b-5bed-a681-6aa3a366c8f7"},"collection":{"id":"00000000-0000-0000-0000-000000000000"},"sitemap_locations":[],"last_modified":"2021-08-13T10:15:33.2124725Z"},{"id":"bd60b2c0-35e7-444b-bea4-7a05848ccf14","name":"Hooray!","codename":"hooray__bd60b2c","type":{"id":"ba5cd79d-6d4b-5bed-a681-6aa3a366c8f7"},"collection":{"id":"00000000-0000-0000-0000-000000000000"},"sitemap_locations":[],"last_modified":"2021-08-13T10:15:34.9156211Z"},{"id":"13cfabbd-a6f8-4a69-8f3b-2644d54ab90f","name":"Hooray!","codename":"hooray__13cfabb","type":{"id":"ba5cd79d-6d4b-5bed-a681-6aa3a366c8f7"},"collection":{"id":"00000000-0000-0000-0000-000000000000"},"sitemap_locations":[],"last_modified":"2021-08-13T10:20:31.0827295Z"},{"id":"f9485459-b963-4d1f-a50d-48d9f6d8cca2","name":"Hooray!","codename":"hooray__f948545","type":{"id":"ba5cd79d-6d4b-5bed-a681-6aa3a366c8f7"},"collection":{"id":"00000000-0000-0000-0000-000000000000"},"sitemap_locations":[],"last_modified":"2021-08-13T10:20:32.9264951Z"},{"id":"d705c763-67e8-436e-9514-41ffdcf93283","name":"Hooray!","codename":"hooray__d705c76","type":{"id":"ba5cd79d-6d4b-5bed-a681-6aa3a366c8f7"},"collection":{"id":"00000000-0000-0000-0000-000000000000"},"sitemap_locations":[],"last_modified":"2021-08-13T10:20:35.0046029Z"},{"id":"9db219df-3b33-41ec-a5b9-28b248eb1648","name":"Hooray!","codename":"hooray__9db219d","type":{"id":"ba5cd79d-6d4b-5bed-a681-6aa3a366c8f7"},"collection":{"id":"00000000-0000-0000-0000-000000000000"},"sitemap_locations":[],"last_modified":"2021-08-13T10:20:36.9734007Z"},{"id":"22f4e9d9-403e-4d74-902b-7b47466cf1a4","name":"Hooray!","codename":"hooray__22f4e9d","type":{"id":"ba5cd79d-6d4b-5bed-a681-6aa3a366c8f7"},"collection":{"id":"00000000-0000-0000-0000-000000000000"},"sitemap_locations":[],"last_modified":"2021-08-13T10:22:59.3629271Z"},{"id":"e58481df-60c5-41e7-8ede-0f92f4eccdf1","name":"Hooray!","codename":"hooray__e58481d","type":{"id":"ba5cd79d-6d4b-5bed-a681-6aa3a366c8f7"},"collection":{"id":"00000000-0000-0000-0000-000000000000"},"sitemap_locations":[],"last_modified":"2021-08-13T10:23:01.2223244Z"},{"id":"c30d0865-2664-462a-bf5b-217d5174cc81","name":"Hooray!","codename":"hooray__c30d086","type":{"id":"ba5cd79d-6d4b-5bed-a681-6aa3a366c8f7"},"collection":{"id":"00000000-0000-0000-0000-000000000000"},"sitemap_locations":[],"last_modified":"2021-08-13T10:23:03.7535984Z"},{"id":"bbf13b15-1ad7-49e3-8856-2ba44252db99","name":"Hooray!","codename":"hooray__bbf13b1","type":{"id":"ba5cd79d-6d4b-5bed-a681-6aa3a366c8f7"},"collection":{"id":"00000000-0000-0000-0000-000000000000"},"sitemap_locations":[],"last_modified":"2021-08-13T10:23:05.4254901Z"},{"id":"184357f2-9200-499a-96e4-85b8ff29ad5b","name":"Hooray!","codename":"hooray__184357f","type":{"id":"ba5cd79d-6d4b-5bed-a681-6aa3a366c8f7"},"collection":{"id":"00000000-0000-0000-0000-000000000000"},"sitemap_locations":[],"last_modified":"2021-08-13T10:24:15.5250485Z"},{"id":"3e8da0a2-c9cb-46a6-9691-7bdfe3464414","name":"Hooray!","codename":"hooray__3e8da0a","type":{"id":"ba5cd79d-6d4b-5bed-a681-6aa3a366c8f7"},"collection":{"id":"00000000-0000-0000-0000-000000000000"},"sitemap_locations":[],"last_modified":"2021-08-13T10:24:16.0563461Z"},{"id":"97d91e62-f65f-4746-ae0a-d5f12bce3b12","name":"Hooray!","codename":"hooray__97d91e6","type":{"id":"ba5cd79d-6d4b-5bed-a681-6aa3a366c8f7"},"collection":{"id":"00000000-0000-0000-0000-000000000000"},"sitemap_locations":[],"last_modified":"2021-08-13T10:24:17.1500802Z"},{"id":"27699726-8a11-4106-9f4b-c0a472ee62e8","name":"Hooray!","codename":"hooray__2769972","type":{"id":"ba5cd79d-6d4b-5bed-a681-6aa3a366c8f7"},"collection":{"id":"00000000-0000-0000-0000-000000000000"},"sitemap_locations":[],"last_modified":"2021-08-13T10:24:17.6813163Z"},{"id":"6adaa684-9318-4bbd-af18-3a4012440bec","name":"Hooray!","codename":"hooray__6adaa68","type":{"id":"ba5cd79d-6d4b-5bed-a681-6aa3a366c8f7"},"collection":{"id":"00000000-0000-0000-0000-000000000000"},"sitemap_locations":[],"last_modified":"2021-08-13T10:24:27.3135298Z"},{"id":"6452f3ef-4945-4079-90ac-65cc5643dd1d","name":"Hooray!","codename":"hooray__6452f3e","type":{"id":"ba5cd79d-6d4b-5bed-a681-6aa3a366c8f7"},"collection":{"id":"00000000-0000-0000-0000-000000000000"},"sitemap_locations":[],"last_modified":"2021-08-13T10:24:29.2041292Z"},{"id":"7c525f07-231b-4b63-b369-51839509940e","name":"Hooray!","codename":"hooray__7c525f0","type":{"id":"ba5cd79d-6d4b-5bed-a681-6aa3a366c8f7"},"collection":{"id":"00000000-0000-0000-0000-000000000000"},"sitemap_locations":[],"last_modified":"2021-08-13T10:24:31.3760239Z"},{"id":"34e971ad-d9aa-40d9-a909-8737d963fd37","name":"Hooray!","codename":"hooray__34e971a","type":{"id":"ba5cd79d-6d4b-5bed-a681-6aa3a366c8f7"},"collection":{"id":"00000000-0000-0000-0000-000000000000"},"sitemap_locations":[],"last_modified":"2021-08-13T10:24:33.0323014Z"},{"id":"0608c000-eae0-401c-8036-d0b0d522bfdc","name":"Hooray!","codename":"hooray__0608c00","type":{"id":"ba5cd79d-6d4b-5bed-a681-6aa3a366c8f7"},"collection":{"id":"00000000-0000-0000-0000-000000000000"},"sitemap_locations":[],"last_modified":"2021-08-13T11:20:21.0982096Z"},{"id":"7ec05ea0-55d8-40eb-819b-8a46ca5c8539","name":"Hooray!","codename":"hooray__7ec05ea","type":{"id":"ba5cd79d-6d4b-5bed-a681-6aa3a366c8f7"},"collection":{"id":"00000000-0000-0000-0000-000000000000"},"sitemap_locations":[],"last_modified":"2021-08-13T13:08:28.0428691Z"},{"id":"d95bb1c8-f449-4955-a170-b1631aab1761","name":"Hooray!","codename":"hooray__d95bb1c","type":{"id":"ba5cd79d-6d4b-5bed-a681-6aa3a366c8f7"},"collection":{"id":"00000000-0000-0000-0000-000000000000"},"sitemap_locations":[],"last_modified":"2021-08-13T13:20:22.7807774Z"},{"id":"38b90714-4e5f-4ac5-a0d1-884e3a32e89e","name":"Hooray!","codename":"hooray__38b9071","type":{"id":"ba5cd79d-6d4b-5bed-a681-6aa3a366c8f7"},"collection":{"id":"00000000-0000-0000-0000-000000000000"},"sitemap_locations":[],"last_modified":"2021-08-13T13:20:30.0627456Z"},{"id":"a63011d2-0eb4-4e86-b1af-dffbdf26ad88","name":"Hooray!","codename":"hooray_","type":{"id":"ba5cd79d-6d4b-5bed-a681-6aa3a366c8f7"},"collection":{"id":"00000000-0000-0000-0000-000000000000"},"sitemap_locations":[],"last_modified":"2021-10-04T14:56:57.1643911Z"}]