[{"id":"00000000-0000-0000-0000-000000000000","name":"Default project language","codename":"en-US","is_active":true,"is_default":true,"fallback_language":{"id":"00000000-0000-0000-0000-000000000000"}},{"id":"78dbefe8-831b-457e-9352-f4c4eacd5024","name":"Spanish (Spain)","codename":"es-ES","is_active":true,"is_default":false,"fallback_language":{"id":"00000000-0000-0000-0000-000000000000"}},{"id":"22691cac-b671-5eb9-b4e5-78482056349d","name":"German (Germany)","codename":"de-DE","external_id":"standard_german","is_active":false,"is_default":false,"fallback_language":{"id":"00000000-0000-0000-0000-000000000000"}}]