[{"last_modified":"2017-09-07T08:15:22.721Z","id":"4ce421e9-c403-eee8-fdc2-74f09392a749","name":"Manufacturer","codename":"manufacturer","terms":[{"id":"f04c8552-1b97-a49b-3944-79275622f471","name":"Aerobie","codename":"aerobie","terms":[]},{"id":"16d27bf1-e0f4-8646-0e54-1b71efc6947f","name":"Chemex","codename":"chemex","terms":[]},{"id":"b378225f-6dfc-e261-3848-dd030a6d7883","name":"Espro","codename":"espro","terms":[]},{"id":"6fde9724-5b72-8bc9-6da0-4f0573a54532","name":"Hario","codename":"hario","terms":[]}]},{"last_modified":"2017-09-07T08:15:33.756Z","id":"d351400e-0290-87b2-1413-6c411d8ae5a4","name":"Processing","codename":"processing","terms":[{"id":"a831d60b-ff0e-7df1-61d2-73e851a5deab","name":"Wet (Washed)","codename":"wet__washed_","terms":[]},{"id":"ac34eaa7-8463-62b9-825e-66aff9e6b216","name":"Dry (Natural)","codename":"dry__natural_","terms":[]},{"id":"908321fa-776d-d441-6a72-76fba3959c1d","name":"Semi-dry","codename":"semi_dry","terms":[]}]},{"last_modified":"2016-10-20T13:24:00.32Z","id":"f30c7f72-e9ab-8832-2a57-62944a038809","name":"Personas","codename":"personas","terms":[{"id":"6693ca6e-79e0-57e4-000d-d23d5ce8f656","name":"Coffee expert","codename":"coffee_expert","terms":[{"id":"6a372f43-ccd7-e524-6308-c2094e7b6596","name":"Barista","codename":"barista","terms":[]},{"id":"cdf2f3c6-89e3-5df1-f7de-7179460bd6b4","name":"Cafe owner","codename":"cafe_owner","terms":[]}]},{"id":"ab2b73a3-473d-4232-0652-495598f5d670","name":"Coffee enthusiast","codename":"coffee_enthusiast","terms":[{"id":"208a9095-1b92-10da-7627-75ae311935cf","name":"Coffee lover","codename":"coffee_lover","terms":[]},{"id":"4fa27320-c363-3ebe-5ab5-b531300f053f","name":"Coffee blogger","codename":"coffee_blogger","terms":[]}]}]},{"last_modified":"2016-09-15T10:53:25.223Z","id":"79b1c5b6-30bc-d076-a236-d9ec9f1ff01b","name":"Product status","codename":"product_status","terms":[{"id":"6352c8bf-8024-9986-8373-35445e1f0d59","name":"On sale","codename":"on_sale","terms":[]},{"id":"8d808da3-29de-e608-5699-8565687dd474","name":"Bestseller","codename":"bestseller","terms":[]}]}]